Scenario,Pattern,Strength_pct,Algorithm,R_task_Mean,R_task_Std,R_time_Mean,R_time_Std,CRI_Mean,CRI_Std,throughputRecovery_Mean,throughputRecovery_Std,feasibilityRate_Mean,feasibilityRate_Std,completionRate_Mean,completionRate_Std,failedRate_Mean,failedRate_Std,meanCompletionTime_Mean,meanCompletionTime_Std
small,random,20,RRAM,0.4349,0.0453,0.5831,0.1574,0.509,0.0959,0.2214,0.4157,0.46,0.0305,0.46,0.0305,0.54,0.0305,188.9301,6.0027
small,random,20,BDTR,0.7353,0.0228,0.707,0.1272,0.7212,0.0665,0.2589,0.0838,0.6588,0.0187,0.6588,0.0187,0.3413,0.0187,182.9484,2.1664
small,random,20,SROM,0.6963,0.0258,0.754,0.1406,0.7252,0.0739,0.1701,0.1083,0.61,0.0227,0.61,0.0227,0.39,0.0227,184.7657,3.5701
small,random,20,Hungarian (Ours),0.6807,0.0405,0.707,0.1272,0.6938,0.0614,0.2754,0.2617,0.625,0.0312,0.625,0.0312,0.375,0.0312,166.8606,11.2517
small,random,20,SABR,0.7797,0.0234,0.707,0.1272,0.7433,0.0601,0.4249,0.1533,0.7338,0.0221,0.7338,0.0221,0.2663,0.0221,184.5028,6.7579
small,random,30,RRAM,0.4529,0.0393,0.7019,0.151,0.5774,0.091,0.4195,0.4215,0.4763,0.0232,0.4763,0.0232,0.5238,0.0232,191.2052,6.0057
small,random,30,BDTR,0.7294,0.038,0.747,0.1336,0.7382,0.0639,0.2889,0.083,0.6563,0.0329,0.6563,0.0329,0.3438,0.0329,185.4266,6.0243
small,random,30,SROM,0.6796,0.0616,0.8117,0.1616,0.7457,0.0896,0.1483,0.0607,0.5938,0.0511,0.5938,0.0511,0.4063,0.0511,181.8201,4.553
small,random,30,Hungarian (Ours),0.6641,0.0469,0.733,0.1258,0.6986,0.0579,0.2954,0.2661,0.6113,0.0351,0.6113,0.0351,0.3888,0.0351,168.7239,11.1445
small,random,30,SABR,0.7765,0.0379,0.741,0.1284,0.7587,0.0599,0.3885,0.1818,0.7225,0.0327,0.7225,0.0327,0.2775,0.0327,187.0479,8.4615
small,random,40,RRAM,0.4176,0.0479,0.4825,0.1053,0.4501,0.0727,0.1333,0.1462,0.4463,0.0408,0.4463,0.0408,0.5538,0.0408,180.0394,13.8319
small,random,40,BDTR,0.7193,0.0258,0.6756,0.1014,0.6974,0.0501,0.2705,0.08,0.6463,0.0177,0.6463,0.0177,0.3537,0.0177,183.4265,5.3669
small,random,40,SROM,0.6371,0.0685,0.6937,0.1039,0.6654,0.0457,0.0946,0.0631,0.5488,0.0602,0.5488,0.0602,0.4513,0.0602,176.4962,5.3702
small,random,40,Hungarian (Ours),0.6419,0.047,0.6756,0.1014,0.6587,0.05,0.1962,0.061,0.6063,0.0308,0.6063,0.0308,0.3938,0.0308,164.986,9.567
small,random,40,SABR,0.7346,0.0483,0.6756,0.1014,0.7051,0.0514,0.3492,0.1339,0.705,0.0413,0.705,0.0413,0.295,0.0413,182.1669,7.9463
small,balanced,20,RRAM,0.4511,0.0377,0.68,0.1408,0.5655,0.0851,0.3932,0.4403,0.47,0.0244,0.47,0.0244,0.53,0.0244,188.8117,6.0636
small,balanced,20,BDTR,0.7384,0.0333,0.8592,0.0923,0.7988,0.0451,0.3244,0.0972,0.6613,0.0314,0.6613,0.0314,0.3388,0.0314,185.5664,3.2833
small,balanced,20,SROM,0.6579,0.0406,0.8612,0.0943,0.7595,0.0419,0.1708,0.0921,0.5725,0.0348,0.5725,0.0348,0.4275,0.0348,181.5204,2.7676
small,balanced,20,Hungarian (Ours),0.652,0.0398,0.8499,0.0906,0.751,0.044,0.2073,0.1094,0.6125,0.0391,0.6125,0.0391,0.3875,0.0391,164.3859,8.6079
small,balanced,20,SABR,0.7556,0.0396,0.8522,0.0882,0.8039,0.0447,0.4642,0.1268,0.7113,0.0356,0.7113,0.0356,0.2888,0.0356,182.4847,6.3298
small,balanced,30,RRAM,0.4405,0.0391,0.6791,0.1708,0.5598,0.1003,0.2527,0.2928,0.4625,0.027,0.4625,0.027,0.5375,0.027,184.7884,7.7915
small,balanced,30,BDTR,0.7345,0.0523,0.7738,0.1268,0.7541,0.073,0.2384,0.0408,0.655,0.0413,0.655,0.0413,0.345,0.0413,184.3928,5.4097
small,balanced,30,SROM,0.6979,0.0467,0.7885,0.1271,0.7432,0.0652,0.1403,0.0926,0.6138,0.0346,0.6138,0.0346,0.3863,0.0346,182.1017,3.4936
small,balanced,30,Hungarian (Ours),0.6597,0.0621,0.7751,0.1261,0.7174,0.0785,0.1976,0.0661,0.6125,0.0517,0.6125,0.0517,0.3875,0.0517,166.4275,8.3505
small,balanced,30,SABR,0.7468,0.0347,0.7751,0.1261,0.761,0.0624,0.3412,0.146,0.7,0.0354,0.7,0.0354,0.3,0.0354,184.0489,3.9378
small,balanced,40,RRAM,0.4166,0.0551,0.4902,0.1418,0.4534,0.0861,0.2145,0.3025,0.445,0.0364,0.445,0.0364,0.555,0.0364,181.7591,7.2537
small,balanced,40,BDTR,0.6898,0.03,0.7244,0.162,0.7071,0.0859,0.2465,0.0562,0.62,0.0237,0.62,0.0237,0.38,0.0237,182.321,3.0397
small,balanced,40,SROM,0.5859,0.0519,0.7244,0.162,0.6551,0.0933,0.0726,0.0565,0.5075,0.0453,0.5075,0.0453,0.4925,0.0453,169.1038,7.0005
small,balanced,40,Hungarian (Ours),0.6052,0.0474,0.7244,0.162,0.6648,0.0824,0.1822,0.0681,0.575,0.0358,0.575,0.0358,0.425,0.0358,158.3188,9.2475
small,balanced,40,SABR,0.7098,0.0546,0.7244,0.162,0.7171,0.0787,0.3472,0.1143,0.6763,0.0484,0.6763,0.0484,0.3238,0.0484,179.4476,5.6393
small,directed,20,RRAM,0.4424,0.0295,0.6207,0.1765,0.5315,0.1001,0.2,0.4216,0.4675,0.0188,0.4675,0.0188,0.5325,0.0188,189.8887,4.0363
small,directed,20,BDTR,0.7439,0.0204,0.8167,0.145,0.7803,0.0796,0.2754,0.058,0.665,0.0154,0.665,0.0154,0.335,0.0154,182.6154,2.5703
small,directed,20,SROM,0.6857,0.0417,0.8167,0.145,0.7512,0.0814,0.1606,0.0913,0.5963,0.0349,0.5963,0.0349,0.4038,0.0349,180.3964,4.0209
small,directed,20,Hungarian (Ours),0.6666,0.0415,0.8167,0.145,0.7417,0.0874,0.1661,0.089,0.615,0.0311,0.615,0.0311,0.385,0.0311,164.7653,10.3351
small,directed,20,SABR,0.7667,0.0318,0.8167,0.145,0.7917,0.0779,0.3211,0.1573,0.7238,0.026,0.7238,0.026,0.2763,0.026,184.2612,4.6822
small,directed,30,RRAM,0.4359,0.0548,0.5581,0.1571,0.497,0.1004,0.4,0.5164,0.46,0.0381,0.46,0.0381,0.54,0.0381,191.0126,7.6542
small,directed,30,BDTR,0.7317,0.0503,0.7471,0.1171,0.7394,0.0542,0.2938,0.0696,0.6575,0.043,0.6575,0.043,0.3425,0.043,183.4808,2.2332
small,directed,30,SROM,0.6627,0.0533,0.7736,0.1392,0.7182,0.0607,0.1695,0.1109,0.5763,0.0431,0.5763,0.0431,0.4238,0.0431,180.9877,3.7222
small,directed,30,Hungarian (Ours),0.6499,0.0466,0.7484,0.1168,0.6992,0.0602,0.1474,0.0479,0.6038,0.0378,0.6038,0.0378,0.3963,0.0378,163.825,8.1824
small,directed,30,SABR,0.7599,0.0458,0.7457,0.1102,0.7528,0.0471,0.3788,0.1555,0.7188,0.0396,0.7188,0.0396,0.2813,0.0396,182.4984,6.44
small,directed,40,RRAM,0.3754,0.0414,0.396,0.0944,0.3857,0.0674,0,0,0.42,0.034,0.42,0.034,0.58,0.034,182.522,5.9898
small,directed,40,BDTR,0.6824,0.0498,0.6723,0.1151,0.6774,0.0776,0.171,0.0523,0.6113,0.037,0.6113,0.037,0.3888,0.037,178.6283,3.9749
small,directed,40,SROM,0.5886,0.0875,0.7964,0.1056,0.6925,0.0509,0.0737,0.0456,0.5025,0.0736,0.5025,0.0736,0.4975,0.0736,167.5395,4.3141
small,directed,40,Hungarian (Ours),0.5972,0.053,0.7732,0.0992,0.6852,0.0395,0.0936,0.0451,0.5638,0.0427,0.5638,0.0427,0.4363,0.0427,154.7512,7.9584
small,directed,40,SABR,0.6677,0.0319,0.6669,0.1154,0.6673,0.0674,0.1451,0.0693,0.6513,0.0279,0.6513,0.0279,0.3488,0.0279,171.927,2.7482
large,random,20,RRAM,0.3831,0.0701,0.5363,0.0543,0.4597,0.0442,0.372,0.2703,0.3908,0.0599,0.3908,0.0599,0.6092,0.0599,140.1738,11.6641
large,random,20,BDTR,0.7345,0.0198,0.6728,0.0846,0.7036,0.0479,0.1776,0.1164,0.6683,0.0235,0.6683,0.0235,0.3317,0.0235,172.3415,2.6364
large,random,20,SROM,0.6565,0.0394,0.688,0.0913,0.6723,0.0448,0.0722,0.0615,0.5692,0.0286,0.5692,0.0286,0.4308,0.0286,160.5666,4.5293
large,random,20,Hungarian (Ours),0.6562,0.0258,0.6728,0.0846,0.6645,0.0481,0.4186,0.1636,0.6592,0.0206,0.6592,0.0206,0.3408,0.0206,134.2361,3.839
large,random,20,SABR,0.7519,0.0291,0.6728,0.0846,0.7123,0.0455,0.4991,0.1705,0.7517,0.0248,0.7517,0.0248,0.2483,0.0248,145.9616,4.3257
large,random,30,RRAM,0.4093,0.0577,0.5082,0.0466,0.4588,0.0325,0.2793,0.0999,0.415,0.0463,0.415,0.0463,0.585,0.0463,144.6471,6.5206
large,random,30,BDTR,0.6961,0.0344,0.5602,0.0342,0.6282,0.0235,0.1736,0.0981,0.6542,0.0312,0.6542,0.0312,0.3458,0.0312,169.1817,6.0132
large,random,30,SROM,0.5781,0.0686,0.5911,0.1024,0.5846,0.0485,0.0711,0.0735,0.51,0.0521,0.51,0.0521,0.49,0.0521,153.3382,5.7707
large,random,30,Hungarian (Ours),0.6505,0.0196,0.5594,0.0324,0.605,0.0154,0.3137,0.0955,0.6558,0.0302,0.6558,0.0302,0.3442,0.0302,134.4605,3.0099
large,random,30,SABR,0.7526,0.015,0.5703,0.0612,0.6614,0.0269,0.3852,0.1711,0.7617,0.0312,0.7617,0.0312,0.2383,0.0312,146.4927,4.2605
large,random,40,RRAM,0.3878,0.0698,0.5103,0.0595,0.449,0.0565,0.2565,0.1073,0.3992,0.0727,0.3992,0.0727,0.6008,0.0727,142.8099,13.4029
large,random,40,BDTR,0.651,0.0376,0.5657,0.0549,0.6084,0.0227,0.1889,0.1038,0.6283,0.0261,0.6283,0.0261,0.3717,0.0261,167.5464,5.8837
large,random,40,SROM,0.5045,0.0424,0.5802,0.0821,0.5423,0.0422,0.0323,0.0348,0.4542,0.0322,0.4542,0.0322,0.5458,0.0322,141.5042,7.5673
large,random,40,Hungarian (Ours),0.6436,0.0343,0.5671,0.0567,0.6053,0.0296,0.396,0.1512,0.6567,0.0238,0.6567,0.0238,0.3433,0.0238,134.6164,3.2824
large,random,40,SABR,0.7505,0.0355,0.5671,0.0567,0.6588,0.0244,0.4546,0.1003,0.7625,0.0278,0.7625,0.0278,0.2375,0.0278,149.2643,4.2323
large,balanced,20,RRAM,0.349,0.0638,0.5329,0.0445,0.441,0.0363,0.4655,0.2927,0.3583,0.0527,0.3583,0.0527,0.6417,0.0527,132.7842,7.7153
large,balanced,20,BDTR,0.6967,0.0338,0.6745,0.1232,0.6856,0.0574,0.0815,0.0574,0.6333,0.0275,0.6333,0.0275,0.3667,0.0275,169.6679,2.3243
large,balanced,20,SROM,0.6514,0.0442,0.6973,0.1508,0.6743,0.0663,0.0484,0.0561,0.5658,0.0293,0.5658,0.0293,0.4342,0.0293,159.8924,2.5418
large,balanced,20,Hungarian (Ours),0.6181,0.0418,0.6698,0.1086,0.6439,0.0589,0.3325,0.1429,0.6317,0.0319,0.6317,0.0319,0.3683,0.0319,132.3744,2.5807
large,balanced,20,SABR,0.7182,0.0429,0.6928,0.1446,0.7055,0.0652,0.4322,0.126,0.725,0.0383,0.725,0.0383,0.275,0.0383,146.0653,3.2732
large,balanced,30,RRAM,0.3569,0.043,0.4968,0.0573,0.4269,0.0424,0.1963,0.0795,0.3725,0.0383,0.3725,0.0383,0.6275,0.0383,137.8207,9.4798
large,balanced,30,BDTR,0.683,0.033,0.6167,0.0569,0.6498,0.0265,0.1233,0.0479,0.625,0.0204,0.625,0.0204,0.375,0.0204,168.3065,3.1625
large,balanced,30,SROM,0.5963,0.0665,0.6167,0.0569,0.6065,0.0359,0.0308,0.0294,0.5133,0.0472,0.5133,0.0472,0.4867,0.0472,148.2353,4.3668
large,balanced,30,Hungarian (Ours),0.6299,0.0328,0.6167,0.0569,0.6233,0.0305,0.291,0.1755,0.6417,0.0278,0.6417,0.0278,0.3583,0.0278,133.5172,3.3599
large,balanced,30,SABR,0.731,0.032,0.6167,0.0569,0.6738,0.0237,0.4012,0.1105,0.7342,0.0259,0.7342,0.0259,0.2658,0.0259,148.2077,4.3142
large,balanced,40,RRAM,0.3507,0.0362,0.477,0.0613,0.4138,0.0398,0.1855,0.1075,0.3767,0.0355,0.3767,0.0355,0.6233,0.0355,144.5609,8.5481
large,balanced,40,BDTR,0.6433,0.0336,0.5596,0.0505,0.6014,0.0229,0.1436,0.0816,0.6033,0.0294,0.6033,0.0294,0.3967,0.0294,165.1817,6.5079
large,balanced,40,SROM,0.4851,0.0624,0.5596,0.0505,0.5224,0.0286,0.011,0.0151,0.4192,0.0471,0.4192,0.0471,0.5808,0.0471,129.3719,5.8736
large,balanced,40,Hungarian (Ours),0.623,0.0289,0.5596,0.0505,0.5913,0.0285,0.3036,0.0962,0.6367,0.0246,0.6367,0.0246,0.3633,0.0246,133.9705,4.0318
large,balanced,40,SABR,0.7263,0.0405,0.5596,0.0505,0.6429,0.0204,0.4686,0.1703,0.7342,0.0357,0.7342,0.0357,0.2658,0.0357,149.5279,6.8212
large,directed,20,RRAM,0.3546,0.0333,0.5642,0.0852,0.4594,0.0559,0.3425,0.1407,0.36,0.0285,0.36,0.0285,0.64,0.0285,135.2855,5.3538
large,directed,20,BDTR,0.7205,0.0225,0.6269,0.0606,0.6737,0.0322,0.0799,0.0667,0.6542,0.0216,0.6542,0.0216,0.3458,0.0216,168.0738,4.2737
large,directed,20,SROM,0.6618,0.0457,0.6269,0.0606,0.6443,0.039,0.0597,0.0709,0.5758,0.0363,0.5758,0.0363,0.4242,0.0363,160.4457,4.3658
large,directed,20,Hungarian (Ours),0.6498,0.0133,0.6269,0.0606,0.6384,0.0335,0.3189,0.2614,0.6533,0.009,0.6533,0.009,0.3467,0.009,133.0802,1.1949
large,directed,20,SABR,0.7625,0.0172,0.6269,0.0606,0.6947,0.0329,0.4155,0.3188,0.7608,0.018,0.7608,0.018,0.2392,0.018,146.3757,3.5592
large,directed,30,RRAM,0.3159,0.0421,0.4658,0.0541,0.3908,0.046,0.1516,0.1366,0.3242,0.0361,0.3242,0.0361,0.6758,0.0361,127.7318,8.3155
large,directed,30,BDTR,0.6677,0.0208,0.5057,0.0364,0.5867,0.0229,0.0479,0.0478,0.635,0.0183,0.635,0.0183,0.365,0.0183,163.4028,3.4473
large,directed,30,SROM,0.5892,0.0383,0.5401,0.0387,0.5647,0.0218,0.0127,0.0275,0.5117,0.0292,0.5117,0.0292,0.4883,0.0292,148.6344,3.8085
large,directed,30,Hungarian (Ours),0.6106,0.0211,0.5401,0.0387,0.5753,0.0124,0.0816,0.0411,0.6267,0.0192,0.6267,0.0192,0.3733,0.0192,128.7192,2.6914
large,directed,30,SABR,0.7554,0.0261,0.5401,0.0387,0.6477,0.0182,0.2324,0.0828,0.7625,0.0189,0.7625,0.0189,0.2375,0.0189,147.0758,3.3716
large,directed,40,RRAM,0.2687,0.0241,0.5632,0.0602,0.416,0.028,0.0361,0.0473,0.2833,0.0245,0.2833,0.0245,0.7167,0.0245,118.3784,6.5278
large,directed,40,BDTR,0.6032,0.0222,0.5796,0.0823,0.5914,0.0442,0.0425,0.0343,0.5883,0.0193,0.5883,0.0193,0.4117,0.0193,155.5149,4.043
large,directed,40,SROM,0.4688,0.0602,0.5965,0.0897,0.5327,0.0414,0,0,0.4133,0.0467,0.4133,0.0467,0.5867,0.0467,129.7954,9.3888
large,directed,40,Hungarian (Ours),0.57,0.0121,0.5796,0.0823,0.5748,0.0412,0.0629,0.0582,0.5908,0.01,0.5908,0.01,0.4092,0.01,123.1926,3.5782
large,directed,40,SABR,0.6996,0.0129,0.5796,0.0823,0.6396,0.0387,0.1238,0.0799,0.7158,0.0127,0.7158,0.0127,0.2842,0.0127,139.8876,2.999
