Scenario,Pattern,Strength_pct,Algorithm,TrialIndex,R_task,R_time,CRI,throughputRecovery,feasibilityRate,completionRate,failedRate,meanCompletionTime
small,random,20,RRAM,1,0.495356037151703,1,0.747678018575851,1,0.5,0.5,0.5,196.85
small,random,20,RRAM,2,0.438438438438438,0,0.219219219219219,0,0.4625,0.4625,0.5375,186.324324324324
small,random,20,RRAM,3,0.495356037151703,1,0.747678018575851,1,0.5,0.5,0.5,196.85
small,random,20,RRAM,4,0.35632183908046,0,0.17816091954023,0,0.4,0.4,0.6,179.75
small,random,20,RRAM,5,0.477477477477477,0.322085889570552,0.399781683524015,0.272727272727273,0.475,0.475,0.525,181.763157894737
small,random,20,RRAM,6,0.435820895522388,0,0.217910447761194,0,0.4625,0.4625,0.5375,186.324324324324
small,random,20,RRAM,7,0.414201183431953,0,0.207100591715976,0,0.45,0.45,0.55,190.361111111111
small,random,20,RRAM,8,0.388235294117647,0,0.194117647058824,0,0.425,0.425,0.575,195.294117647059
small,random,20,RRAM,9,0.43452380952381,0,0.217261904761905,0,0.4625,0.4625,0.5375,186.324324324324
small,random,20,RRAM,10,0.427299703264095,0,0.213649851632047,0,0.4625,0.4625,0.5375,189.459459459459
small,random,20,BDTR,1,0.743975903614458,0,0.371987951807229,0.3,0.65,0.65,0.35,179.173076923077
small,random,20,BDTR,2,0.735735735735736,0,0.367867867867868,0.272727272727273,0.65,0.65,0.35,182.980769230769
small,random,20,BDTR,3,0.751497005988024,0,0.375748502994012,0.416666666666667,0.6625,0.6625,0.3375,185.849056603774
small,random,20,BDTR,4,0.746223564954683,0,0.373111782477341,0.333333333333333,0.6625,0.6625,0.3375,181.679245283019
small,random,20,BDTR,5,0.741641337386018,0.121457489878543,0.43154941363228,0.285714285714286,0.6625,0.6625,0.3375,184.830188679245
small,random,20,BDTR,6,0.747747747747748,0,0.373873873873874,0.272727272727273,0.65,0.65,0.35,180.942307692308
small,random,20,BDTR,7,0.740963855421687,0,0.370481927710843,0.4,0.65,0.65,0.35,184.173076923077
small,random,20,BDTR,8,0.756756756756757,0,0.378378378378378,0.363636363636364,0.6875,0.6875,0.3125,183.763636363636
small,random,20,BDTR,9,0.6875,0,0.34375,0.214285714285714,0.625,0.625,0.375,181.02
small,random,20,BDTR,10,0.778787878787879,0,0.389393939393939,0.625,0.6875,0.6875,0.3125,185.072727272727
small,random,20,SROM,1,0.771084337349398,0,0.385542168674699,0.4,0.675,0.675,0.325,185.333333333333
small,random,20,SROM,2,0.735735735735736,0,0.367867867867868,0.272727272727273,0.65,0.65,0.35,183.884615384615
small,random,20,SROM,3,0.763473053892216,0,0.381736526946108,0.416666666666667,0.675,0.675,0.325,189.037037037037
small,random,20,SROM,4,0.72809667673716,0,0.36404833836858,0.111111111111111,0.6375,0.6375,0.3625,179.725490196078
small,random,20,SROM,5,0.751515151515151,0,0.375757575757576,0.25,0.6625,0.6625,0.3375,183.830188679245
small,random,20,SROM,6,0.732732732732733,0,0.366366366366366,0.181818181818182,0.6375,0.6375,0.3625,180.745098039216
small,random,20,SROM,7,0.774096385542169,0,0.387048192771084,0.5,0.675,0.675,0.325,187.259259259259
small,random,20,SROM,8,0.756838905775076,0,0.378419452887538,0.142857142857143,0.675,0.675,0.325,185.222222222222
small,random,20,SROM,9,0.711309523809524,0,0.355654761904762,0.214285714285714,0.6375,0.6375,0.3625,186.137254901961
small,random,20,SROM,10,0.766666666666667,0,0.383333333333333,0.375,0.675,0.675,0.325,185.962962962963
small,random,20,Hungarian (Ours),1,0.727554179566563,0.513513513513513,0.620533846540039,1,0.65,0.65,0.35,175.807692307692
small,random,20,Hungarian (Ours),2,0.668730650154799,1,0.834365325077399,1,0.6,0.6,0.4,155.291666666667
small,random,20,Hungarian (Ours),3,0.69969040247678,1,0.84984520123839,1,0.6125,0.6125,0.3875,169.591836734694
small,random,20,Hungarian (Ours),4,0.693498452012384,1,0.846749226006192,1,0.625,0.625,0.375,163.14
small,random,20,Hungarian (Ours),5,0.743034055727554,1,0.871517027863777,1,0.675,0.675,0.325,177.833333333333
small,random,20,Hungarian (Ours),6,0.656346749226006,1,0.828173374613003,1,0.5875,0.5875,0.4125,152
small,random,20,Hungarian (Ours),7,0.712074303405573,1,0.856037151702786,1,0.6375,0.6375,0.3625,174.274509803922
small,random,20,Hungarian (Ours),8,0.724458204334365,1,0.862229102167183,1,0.65,0.65,0.35,175.461538461538
small,random,20,Hungarian (Ours),9,0.631578947368421,1,0.815789473684211,1,0.575,0.575,0.425,148.5
small,random,20,Hungarian (Ours),10,0.712074303405573,1,0.856037151702786,1,0.6375,0.6375,0.3625,176.705882352941
small,random,30,RRAM,1,0.495356037151703,1,0.747678018575851,1,0.5,0.5,0.5,196.85
small,random,30,RRAM,2,0.495356037151703,1,0.747678018575851,1,0.5,0.5,0.5,196.85
small,random,30,RRAM,3,0.44047619047619,0.439285714285714,0.439880952380952,0.285714285714286,0.475,0.475,0.525,186.394736842105
small,random,30,RRAM,4,0.43452380952381,0,0.217261904761905,0,0.4625,0.4625,0.5375,186.324324324324
small,random,30,RRAM,5,0.383098591549296,0.346153846153846,0.364626218851571,0.303030303030303,0.45,0.45,0.55,180.666666666667
small,random,30,RRAM,6,0.437125748502994,0,0.218562874251497,0,0.4625,0.4625,0.5375,186.324324324324
small,random,30,RRAM,7,0.495356037151703,1,0.747678018575851,1,0.5,0.5,0.5,196.85
small,random,30,RRAM,8,0.407079646017699,0,0.20353982300885,0,0.4375,0.4375,0.5625,192.342857142857
small,random,30,RRAM,9,0.471810089020772,0.00285714285714289,0.237333615938957,0.333333333333333,0.475,0.475,0.525,197.973684210526
small,random,30,RRAM,10,0.47289156626506,0.327800829875519,0.400346198070289,0.3,0.5,0.5,0.5,191.475
small,random,30,BDTR,1,0.768996960486322,0,0.384498480243161,0.428571428571429,0.6875,0.6875,0.3125,186.163636363636
small,random,30,BDTR,2,0.727544910179641,0,0.36377245508982,0.416666666666667,0.65,0.65,0.35,184.326923076923
small,random,30,BDTR,3,0.719402985074627,0,0.359701492537313,0.230769230769231,0.6375,0.6375,0.3625,181.705882352941
small,random,30,BDTR,4,0.719402985074627,0,0.359701492537313,0.230769230769231,0.625,0.625,0.375,181.56
small,random,30,BDTR,5,0.70414201183432,0,0.35207100591716,0.25,0.6375,0.6375,0.3625,187.019607843137
small,random,30,BDTR,6,0.735735735735736,0,0.367867867867868,0.454545454545455,0.65,0.65,0.35,186.057692307692
small,random,30,BDTR,7,0.687134502923977,0,0.343567251461988,0.35,0.6375,0.6375,0.3625,198.470588235294
small,random,30,BDTR,8,0.817629179331307,0,0.408814589665653,0.714285714285714,0.725,0.725,0.275,190.568965517241
small,random,30,BDTR,9,0.707831325301205,0,0.353915662650602,0.3,0.625,0.625,0.375,176.12
small,random,30,BDTR,10,0.779816513761468,0,0.389908256880734,0.6,0.6875,0.6875,0.3125,182.272727272727
small,random,30,SROM,1,0.765957446808511,0,0.382978723404255,0.285714285714286,0.675,0.675,0.325,183.518518518519
small,random,30,SROM,2,0.781437125748503,0,0.390718562874251,0.583333333333333,0.7,0.7,0.3,191.196428571429
small,random,30,SROM,3,0.749244712990937,0,0.374622356495468,0.222222222222222,0.6625,0.6625,0.3375,186.264150943396
small,random,30,SROM,4,0.719402985074627,0,0.359701492537313,0.230769230769231,0.625,0.625,0.375,181.56
small,random,30,SROM,5,0.710914454277286,0,0.355457227138643,0.294117647058824,0.6375,0.6375,0.3625,182.843137254902
small,random,30,SROM,6,0.774774774774775,0,0.387387387387387,0.545454545454545,0.6875,0.6875,0.3125,188.836363636364
small,random,30,SROM,7,0.660818713450292,0,0.330409356725146,0.2,0.6,0.6,0.4,189.083333333333
small,random,30,SROM,8,0.776073619631902,0,0.388036809815951,0.25,0.6875,0.6875,0.3125,185.636363636364
small,random,30,SROM,9,0.734939759036145,0,0.367469879518072,0.2,0.65,0.65,0.35,181.307692307692
small,random,30,SROM,10,0.792682926829268,0,0.396341463414634,0.666666666666667,0.7,0.7,0.3,186.196428571429
small,random,30,Hungarian (Ours),1,0.687306501547988,1,0.843653250773994,1,0.625,0.625,0.375,167.04
small,random,30,Hungarian (Ours),2,0.715170278637771,0.479411764705882,0.597291021671827,1,0.6375,0.6375,0.3625,175.392156862745
small,random,30,Hungarian (Ours),3,0.668730650154799,1,0.834365325077399,1,0.6,0.6,0.4,169.166666666667
small,random,30,Hungarian (Ours),4,0.671826625386997,0.481481481481482,0.576654053434239,1,0.5875,0.5875,0.4125,156.382978723404
small,random,30,Hungarian (Ours),5,0.594427244582043,1,0.797213622291022,1,0.5625,0.5625,0.4375,147.777777777778
small,random,30,Hungarian (Ours),6,0.674922600619195,1,0.837461300309598,1,0.6,0.6,0.4,162.3125
small,random,30,Hungarian (Ours),7,0.662538699690402,1,0.831269349845201,1,0.575,0.575,0.425,184.717391304348
small,random,30,Hungarian (Ours),8,0.724458204334365,1,0.862229102167183,1,0.65,0.65,0.35,175.461538461538
small,random,30,Hungarian (Ours),9,0.662538699690402,1,0.831269349845201,1,0.6,0.6,0.4,168.5625
small,random,30,Hungarian (Ours),10,0.752321981424149,0.49171270718232,0.622017344303235,1,0.675,0.675,0.325,180.425925925926
small,random,40,RRAM,1,0.460606060606061,0,0.23030303030303,0,0.475,0.475,0.525,188.394736842105
small,random,40,RRAM,2,0.463126843657817,0.539156626506024,0.501141735081921,0.294117647058824,0.4625,0.4625,0.5375,176.351351351351
small,random,40,RRAM,3,0.415094339622642,0,0.207547169811321,0.408163265306122,0.4875,0.4875,0.5125,185.769230769231
small,random,40,RRAM,4,0.355300859598854,0,0.177650429799427,0,0.4,0.4,0.6,179.75
small,random,40,RRAM,5,0.414201183431953,0,0.207100591715976,0,0.45,0.45,0.55,190.361111111111
small,random,40,RRAM,6,0.433628318584071,0.719135802469136,0.576382060526603,0.176470588235294,0.4375,0.4375,0.5625,173.228571428571
small,random,40,RRAM,7,0.482035928143713,0.00350877192982457,0.242772350036769,0.25,0.4875,0.4875,0.5125,195.564102564103
small,random,40,RRAM,8,0.340909090909091,0.6,0.470454545454545,0.0666666666666667,0.3625,0.3625,0.6375,146.965517241379
small,random,40,RRAM,9,0.45045045045045,0,0.225225225225225,0,0.475,0.475,0.525,189.421052631579
small,random,40,RRAM,10,0.380403458213256,0.444043321299639,0.412223389756448,0.16,0.425,0.425,0.575,174.588235294118
small,random,40,BDTR,1,0.730769230769231,0,0.365384615384615,0.4375,0.6375,0.6375,0.3625,185.333333333333
small,random,40,BDTR,2,0.732732732732733,0,0.366366366366366,0.363636363636364,0.6625,0.6625,0.3375,184.698113207547
small,random,40,BDTR,3,0.68695652173913,0,0.343478260869565,0.391304347826087,0.625,0.625,0.375,187.58
small,random,40,BDTR,4,0.765060240963855,0.0368852459016393,0.400972743432747,0.2,0.6625,0.6625,0.3375,176.811320754717
small,random,40,BDTR,5,0.768072289156627,0,0.384036144578313,0.5,0.675,0.675,0.325,183.888888888889
small,random,40,BDTR,6,0.71044776119403,0,0.355223880597015,0.307692307692308,0.625,0.625,0.375,179
small,random,40,BDTR,7,0.75975975975976,0,0.37987987987988,0.454545454545455,0.6625,0.6625,0.3375,184.698113207547
small,random,40,BDTR,8,0.722388059701493,0,0.361194029850746,0.307692307692308,0.6375,0.6375,0.3625,174.921568627451
small,random,40,BDTR,9,0.706744868035191,0,0.353372434017595,0.368421052631579,0.6375,0.6375,0.3625,193.372549019608
small,random,40,BDTR,10,0.718934911242604,0,0.359467455621302,0.3125,0.6375,0.6375,0.3625,183.960784313725
small,random,40,SROM,1,0.727810650887574,0,0.363905325443787,0.375,0.6375,0.6375,0.3625,184.352941176471
small,random,40,SROM,2,0.748520710059172,0,0.374260355029586,0.4375,0.675,0.675,0.325,188.222222222222
small,random,40,SROM,3,0.658959537572254,0,0.329479768786127,0.25,0.6,0.6,0.4,180.104166666667
small,random,40,SROM,4,0.725903614457831,0,0.362951807228916,0.1,0.625,0.625,0.375,173.78
small,random,40,SROM,5,0.753799392097264,0,0.376899696048632,0.285714285714286,0.6625,0.6625,0.3375,182.037735849057
small,random,40,SROM,6,0.707462686567164,0,0.353731343283582,0.230769230769231,0.625,0.625,0.375,180.36
small,random,40,SROM,7,0.743975903614458,0,0.371987951807229,0.3,0.65,0.65,0.35,180.730769230769
small,random,40,SROM,8,0.695522388059701,0,0.347761194029851,0.0769230769230769,0.6,0.6,0.4,167.291666666667
small,random,40,SROM,9,0.697947214076246,0,0.348973607038123,0.315789473684211,0.625,0.625,0.375,188.94
small,random,40,SROM,10,0.718562874251497,0,0.359281437125749,0.166666666666667,0.625,0.625,0.375,180.2
small,random,40,Hungarian (Ours),1,0.662538699690402,1,0.831269349845201,1,0.5875,0.5875,0.4125,157.36170212766
small,random,40,Hungarian (Ours),2,0.708978328173375,0.890070921985816,0.799524625079595,1,0.65,0.65,0.35,172.519230769231
small,random,40,Hungarian (Ours),3,0.591331269349845,0.919028340080972,0.755179804715408,1,0.5625,0.5625,0.4375,154.088888888889
small,random,40,Hungarian (Ours),4,0.662538699690402,1,0.831269349845201,1,0.6,0.6,0.4,156.625
small,random,40,Hungarian (Ours),5,0.718266253869969,1,0.859133126934984,1,0.65,0.65,0.35,175.884615384615
small,random,40,Hungarian (Ours),6,0.684210526315789,0.925324675324675,0.804767600820232,1,0.6125,0.6125,0.3875,170.571428571429
small,random,40,Hungarian (Ours),7,0.702786377708978,0.454545454545455,0.578665916127217,1,0.625,0.625,0.375,169.22
small,random,40,Hungarian (Ours),8,0.643962848297214,1,0.821981424148607,1,0.6125,0.6125,0.3875,163.367346938776
small,random,40,Hungarian (Ours),9,0.696594427244582,0.605263157894737,0.650928792569659,1,0.6,0.6,0.4,178.333333333333
small,random,40,Hungarian (Ours),10,0.606811145510836,1,0.803405572755418,1,0.5625,0.5625,0.4375,151.888888888889
small,balanced,20,RRAM,1,0.43452380952381,0,0.217261904761905,0,0.4625,0.4625,0.5375,186.324324324324
small,balanced,20,RRAM,2,0.43452380952381,0,0.217261904761905,0,0.4625,0.4625,0.5375,186.324324324324
small,balanced,20,RRAM,3,0.495356037151703,1,0.747678018575851,1,0.5,0.5,0.5,196.85
small,balanced,20,RRAM,4,0.495356037151703,1,0.747678018575851,1,0.5,0.5,0.5,196.85
small,balanced,20,RRAM,5,0.397183098591549,0,0.198591549295775,0.333333333333333,0.4375,0.4375,0.5625,185.057142857143
small,balanced,20,RRAM,6,0.482248520710059,0.491694352159468,0.486971436434764,0.3125,0.475,0.475,0.525,178.815789473684
small,balanced,20,RRAM,7,0.408284023668639,0,0.20414201183432,0,0.4375,0.4375,0.5625,187.828571428571
small,balanced,20,RRAM,8,0.44047619047619,0.484,0.462238095238095,0.285714285714286,0.475,0.475,0.525,186.605263157895
small,balanced,20,RRAM,9,0.427299703264095,0,0.213649851632047,0,0.45,0.45,0.55,186.611111111111
small,balanced,20,RRAM,10,0.495356037151703,1,0.747678018575851,1,0.5,0.5,0.5,196.85
small,balanced,20,BDTR,1,0.717261904761905,0,0.358630952380952,0.357142857142857,0.6375,0.6375,0.3625,185
small,balanced,20,BDTR,2,0.716417910447761,0,0.358208955223881,0.307692307692308,0.6375,0.6375,0.3625,182.686274509804
small,balanced,20,BDTR,3,0.776119402985075,0,0.388059701492537,0.461538461538462,0.7125,0.7125,0.2875,190.80701754386
small,balanced,20,BDTR,4,0.793939393939394,0,0.396969696969697,0.5,0.7,0.7,0.3,187.285714285714
small,balanced,20,BDTR,5,0.753012048192771,0,0.376506024096386,0.4,0.675,0.675,0.325,184.259259259259
small,balanced,20,BDTR,6,0.750759878419453,0.0681818181818182,0.409470848300636,0.142857142857143,0.6625,0.6625,0.3375,183.207547169811
small,balanced,20,BDTR,7,0.70414201183432,0,0.35207100591716,0.375,0.625,0.625,0.375,191.36
small,balanced,20,BDTR,8,0.777439024390244,0,0.388719512195122,0.5,0.6875,0.6875,0.3125,184.145454545455
small,balanced,20,BDTR,9,0.726190476190476,0,0.363095238095238,0.428571428571429,0.625,0.625,0.375,185.22
small,balanced,20,BDTR,10,0.707831325301205,0,0.353915662650602,0.3,0.65,0.65,0.35,181.692307692308
small,balanced,20,SROM,1,0.732142857142857,0,0.366071428571429,0.285714285714286,0.65,0.65,0.35,186.519230769231
small,balanced,20,SROM,2,0.728358208955224,0,0.364179104477612,0.307692307692308,0.6375,0.6375,0.3625,186.941176470588
small,balanced,20,SROM,3,0.734328358208955,0,0.367164179104478,0.307692307692308,0.6625,0.6625,0.3375,189.603773584906
small,balanced,20,SROM,4,0.755287009063444,0,0.377643504531722,0.222222222222222,0.6625,0.6625,0.3375,181.88679245283
small,balanced,20,SROM,5,0.714714714714715,0,0.357357357357357,0,0.6375,0.6375,0.3625,171.941176470588
small,balanced,20,SROM,6,0.740181268882175,0.178082191780822,0.459131730331499,0.111111111111111,0.65,0.65,0.35,177.25
small,balanced,20,SROM,7,0.734513274336283,0,0.367256637168142,0.411764705882353,0.65,0.65,0.35,192.961538461538
small,balanced,20,SROM,8,0.790273556231003,0,0.395136778115502,0.571428571428571,0.7,0.7,0.3,185.696428571429
small,balanced,20,SROM,9,0.696428571428571,0,0.348214285714286,0.142857142857143,0.6125,0.6125,0.3875,181.183673469388
small,balanced,20,SROM,10,0.750750750750751,0,0.375375375375375,0.363636363636364,0.675,0.675,0.325,186.5
small,balanced,20,Hungarian (Ours),1,0.65015479876161,1,0.825077399380805,1,0.5875,0.5875,0.4125,157.382978723404
small,balanced,20,Hungarian (Ours),2,0.662538699690402,1,0.831269349845201,1,0.5875,0.5875,0.4125,157.595744680851
small,balanced,20,Hungarian (Ours),3,0.662538699690402,1,0.831269349845201,1,0.6,0.6,0.4,160.708333333333
small,balanced,20,Hungarian (Ours),4,0.693498452012384,1,0.846749226006192,1,0.6375,0.6375,0.3625,170.686274509804
small,balanced,20,Hungarian (Ours),5,0.65015479876161,1,0.825077399380805,1,0.6125,0.6125,0.3875,161.897959183673
small,balanced,20,Hungarian (Ours),6,0.712074303405573,1,0.856037151702786,1,0.6625,0.6625,0.3375,174.169811320755
small,balanced,20,Hungarian (Ours),7,0.625386996904025,1,0.812693498452012,1,0.55,0.55,0.45,155.772727272727
small,balanced,20,Hungarian (Ours),8,0.724458204334365,1,0.862229102167183,1,0.6625,0.6625,0.3375,177.301886792453
small,balanced,20,Hungarian (Ours),9,0.631578947368421,1,0.815789473684211,1,0.575,0.575,0.425,154.804347826087
small,balanced,20,Hungarian (Ours),10,0.712074303405573,1,0.856037151702786,1,0.65,0.65,0.35,173.538461538462
small,balanced,30,RRAM,1,0.466472303206997,0.429319371727749,0.447895837467373,0.285714285714286,0.475,0.475,0.525,181.368421052632
small,balanced,30,RRAM,2,0.406340057636888,0.432624113475177,0.419482085556032,0.28,0.4625,0.4625,0.5375,181.783783783784
small,balanced,30,RRAM,3,0.461095100864553,0.412765957446809,0.436930529155681,0.24,0.475,0.475,0.525,179.947368421053
small,balanced,30,RRAM,4,0.388235294117647,0,0.194117647058824,0,0.4125,0.4125,0.5875,193.030303030303
small,balanced,30,RRAM,5,0.495356037151703,1,0.747678018575851,1,0.5,0.5,0.5,196.85
small,balanced,30,RRAM,6,0.461309523809524,0.0886075949367089,0.274958559373116,0.357142857142857,0.4875,0.4875,0.5125,193.820512820513
small,balanced,30,RRAM,7,0.427299703264095,0,0.213649851632047,0,0.4625,0.4625,0.5375,189.459459459459
small,balanced,30,RRAM,8,0.482248520710059,0.483108108108108,0.482678314409084,0.3125,0.475,0.475,0.525,179.473684210526
small,balanced,30,RRAM,9,0.386167146974063,0,0.193083573487032,0,0.425,0.425,0.575,177.705882352941
small,balanced,30,RRAM,10,0.452662721893491,0.686206896551724,0.569434809222608,0.1875,0.45,0.45,0.55,174.444444444444
small,balanced,30,BDTR,1,0.779816513761468,0,0.389908256880734,0.6,0.675,0.675,0.325,183.87037037037
small,balanced,30,BDTR,2,0.781818181818182,0,0.390909090909091,0.5,0.7,0.7,0.3,188.053571428571
small,balanced,30,BDTR,3,0.764350453172205,0,0.382175226586103,0.333333333333333,0.6625,0.6625,0.3375,183.849056603774
small,balanced,30,BDTR,4,0.593123209169054,0,0.296561604584527,0.185185185185185,0.55,0.55,0.45,197.318181818182
small,balanced,30,BDTR,5,0.732732732732733,0,0.366366366366366,0.363636363636364,0.65,0.65,0.35,181.096153846154
small,balanced,30,BDTR,6,0.768292682926829,0,0.384146341463415,0.333333333333333,0.675,0.675,0.325,181.074074074074
small,balanced,30,BDTR,7,0.773413897280967,0,0.386706948640483,0.444444444444444,0.6875,0.6875,0.3125,186.581818181818
small,balanced,30,BDTR,8,0.76219512195122,0,0.38109756097561,0.333333333333333,0.6625,0.6625,0.3375,179.415094339623
small,balanced,30,BDTR,9,0.737951807228916,0,0.368975903614458,0.3,0.6375,0.6375,0.3625,183.803921568627
small,balanced,30,BDTR,10,0.746223564954683,0,0.373111782477341,0.333333333333333,0.65,0.65,0.35,178.865384615385
small,balanced,30,SROM,1,0.776758409785933,0,0.388379204892966,0.4,0.675,0.675,0.325,182.87037037037
small,balanced,30,SROM,2,0.775757575757576,0,0.387878787878788,0.5,0.6875,0.6875,0.3125,184.6
small,balanced,30,SROM,3,0.758308157099698,0,0.379154078549849,0.333333333333333,0.6625,0.6625,0.3375,183.132075471698
small,balanced,30,SROM,4,0.60458452722063,0,0.302292263610315,0.185185185185185,0.5625,0.5625,0.4375,193.777777777778
small,balanced,30,SROM,5,0.751497005988024,0,0.375748502994012,0.416666666666667,0.6625,0.6625,0.3375,185.301886792453
small,balanced,30,SROM,6,0.768292682926829,0,0.384146341463415,0.333333333333333,0.675,0.675,0.325,183.833333333333
small,balanced,30,SROM,7,0.782477341389728,0,0.391238670694864,0.555555555555556,0.6875,0.6875,0.3125,187.781818181818
small,balanced,30,SROM,8,0.74468085106383,0,0.372340425531915,0.142857142857143,0.65,0.65,0.35,179.038461538462
small,balanced,30,SROM,9,0.713855421686747,0,0.356927710843373,0.1,0.625,0.625,0.375,180.9
small,balanced,30,SROM,10,0.743202416918429,0,0.371601208459215,0.222222222222222,0.65,0.65,0.35,179.115384615385
small,balanced,30,Hungarian (Ours),1,0.69969040247678,1,0.84984520123839,1,0.625,0.625,0.375,163.1
small,balanced,30,Hungarian (Ours),2,0.643962848297214,1,0.821981424148607,1,0.6125,0.6125,0.3875,157.571428571429
small,balanced,30,Hungarian (Ours),3,0.721362229102167,0.668367346938776,0.694864788020471,1,0.6375,0.6375,0.3625,164.352941176471
small,balanced,30,Hungarian (Ours),4,0.532507739938081,1,0.76625386996904,1,0.475,0.475,0.525,151.736842105263
small,balanced,30,Hungarian (Ours),5,0.712074303405573,1,0.856037151702786,1,0.625,0.625,0.375,173.26
small,balanced,30,Hungarian (Ours),6,0.702786377708978,0.739130434782609,0.720958406245793,1,0.6375,0.6375,0.3625,172.313725490196
small,balanced,30,Hungarian (Ours),7,0.724458204334365,1,0.862229102167183,1,0.65,0.65,0.35,175.961538461538
small,balanced,30,Hungarian (Ours),8,0.705882352941177,1,0.852941176470588,1,0.65,0.65,0.35,174.769230769231
small,balanced,30,Hungarian (Ours),9,0.65015479876161,1,0.825077399380805,1,0.5875,0.5875,0.4125,159.489361702128
small,balanced,30,Hungarian (Ours),10,0.681114551083591,1,0.840557275541796,1,0.625,0.625,0.375,171.72
small,balanced,40,RRAM,1,0.408284023668639,0,0.20414201183432,0,0.4375,0.4375,0.5625,187.828571428571
small,balanced,40,RRAM,2,0.435820895522388,0,0.217910447761194,0,0.4625,0.4625,0.5375,186.324324324324
small,balanced,40,RRAM,3,0.435294117647059,0.669467787114846,0.552380952380952,0.222222222222222,0.4375,0.4375,0.5625,173.171428571429
small,balanced,40,RRAM,4,0.495356037151703,1,0.747678018575851,1,0.5,0.5,0.5,196.85
small,balanced,40,RRAM,5,0.376068376068376,0.433098591549296,0.404583483808836,0.137931034482759,0.425,0.425,0.575,174.588235294118
small,balanced,40,RRAM,6,0.489071038251366,0.101928374655647,0.295499706453507,0.340909090909091,0.4875,0.4875,0.5125,181.102564102564
small,balanced,40,RRAM,7,0.461756373937677,0.388157894736842,0.42495713433726,0.290322580645161,0.475,0.475,0.525,181.078947368421
small,balanced,40,RRAM,8,0.347578347578348,0,0.173789173789174,0,0.3875,0.3875,0.6125,183.677419354839
small,balanced,40,RRAM,9,0.390804597701149,0,0.195402298850575,0,0.4375,0.4375,0.5625,177.657142857143
small,balanced,40,RRAM,10,0.338028169014085,0.461300309597523,0.399664239305804,0.181818181818182,0.4,0.4,0.6,175.3125
small,balanced,40,BDTR,1,0.702941176470588,0,0.351470588235294,0.388888888888889,0.6,0.6,0.4,180.708333333333
small,balanced,40,BDTR,2,0.731563421828909,0,0.365781710914454,0.470588235294118,0.6375,0.6375,0.3625,185.176470588235
small,balanced,40,BDTR,3,0.722713864306785,0,0.361356932153392,0.294117647058824,0.65,0.65,0.35,182.653846153846
small,balanced,40,BDTR,4,0.718562874251497,0,0.359281437125749,0.333333333333333,0.6375,0.6375,0.3625,178.274509803922
small,balanced,40,BDTR,5,0.720238095238095,0,0.360119047619048,0.428571428571429,0.6375,0.6375,0.3625,180.803921568627
small,balanced,40,BDTR,6,0.70414201183432,0,0.35207100591716,0.25,0.6375,0.6375,0.3625,184.039215686275
small,balanced,40,BDTR,7,0.694117647058824,0,0.347058823529412,0.333333333333333,0.6,0.6,0.4,185.541666666667
small,balanced,40,BDTR,8,0.635568513119534,0,0.317784256559767,0.19047619047619,0.5875,0.5875,0.4125,182.936170212766
small,balanced,40,BDTR,9,0.721556886227545,0,0.360778443113772,0.25,0.625,0.625,0.375,177.14
small,balanced,40,BDTR,10,0.649425287356322,0,0.324712643678161,0.307692307692308,0.5875,0.5875,0.4125,185.936170212766
small,balanced,40,SROM,1,0.720588235294118,0,0.360294117647059,0.388888888888889,0.625,0.625,0.375,189.32
small,balanced,40,SROM,2,0.734513274336283,0,0.367256637168142,0.411764705882353,0.6375,0.6375,0.3625,184.78431372549
small,balanced,40,SROM,3,0.673529411764706,0,0.336764705882353,0.166666666666667,0.6,0.6,0.4,174.395833333333
small,balanced,40,SROM,4,0.752238805970149,0,0.376119402985075,0.461538461538462,0.6625,0.6625,0.3375,182.528301886792
small,balanced,40,SROM,5,0.711764705882353,0,0.355882352941176,0.333333333333333,0.625,0.625,0.375,178.52
small,balanced,40,SROM,6,0.702941176470588,0,0.351470588235294,0.277777777777778,0.625,0.625,0.375,184.5
small,balanced,40,SROM,7,0.654970760233918,0,0.327485380116959,0.2,0.5875,0.5875,0.4125,180.042553191489
small,balanced,40,SROM,8,0.602898550724638,0,0.301449275362319,0.0869565217391304,0.55,0.55,0.45,175.636363636364
small,balanced,40,SROM,9,0.709580838323353,0,0.354790419161677,0.0833333333333333,0.6125,0.6125,0.3875,173.285714285714
small,balanced,40,SROM,10,0.64367816091954,0,0.32183908045977,0.230769230769231,0.575,0.575,0.425,182.891304347826
small,balanced,40,Hungarian (Ours),1,0.65015479876161,1,0.825077399380805,1,0.575,0.575,0.425,163.804347826087
small,balanced,40,Hungarian (Ours),2,0.656346749226006,1,0.828173374613003,1,0.5875,0.5875,0.4125,159
small,balanced,40,Hungarian (Ours),3,0.662538699690402,1,0.831269349845201,1,0.6,0.6,0.4,170.9375
small,balanced,40,Hungarian (Ours),4,0.718266253869969,1,0.859133126934984,1,0.6375,0.6375,0.3625,175.980392156863
small,balanced,40,Hungarian (Ours),5,0.622291021671827,0.727777777777778,0.675034399724802,1,0.5875,0.5875,0.4125,151.595744680851
small,balanced,40,Hungarian (Ours),6,0.619195046439629,1,0.809597523219814,1,0.575,0.575,0.425,154.760869565217
small,balanced,40,Hungarian (Ours),7,0.613003095975232,1,0.806501547987616,1,0.5625,0.5625,0.4375,152.911111111111
small,balanced,40,Hungarian (Ours),8,0.557275541795666,1,0.778637770897833,1,0.5125,0.5125,0.4875,151.243902439024
small,balanced,40,Hungarian (Ours),9,0.643962848297214,1,0.821981424148607,1,0.5875,0.5875,0.4125,155.787234042553
small,balanced,40,Hungarian (Ours),10,0.585139318885449,0.819852941176471,0.70249613003096,1,0.525,0.525,0.475,147.166666666667
small,directed,20,RRAM,1,0.438438438438438,0,0.219219219219219,0,0.4625,0.4625,0.5375,186.324324324324
small,directed,20,RRAM,2,0.495356037151703,1,0.747678018575851,1,0.5,0.5,0.5,196.85
small,directed,20,RRAM,3,0.446428571428571,0,0.223214285714286,0,0.475,0.475,0.525,189.421052631579
small,directed,20,RRAM,4,0.427299703264095,0,0.213649851632047,0,0.4625,0.4625,0.5375,189.459459459459
small,directed,20,RRAM,5,0.437125748502994,0,0.218562874251497,0,0.4625,0.4625,0.5375,186.324324324324
small,directed,20,RRAM,6,0.495356037151703,1,0.747678018575851,1,0.5,0.5,0.5,196.85
small,directed,20,RRAM,7,0.427299703264095,0,0.213649851632047,0,0.45,0.45,0.55,186.611111111111
small,directed,20,RRAM,8,0.414201183431953,0,0.207100591715976,0,0.45,0.45,0.55,190.361111111111
small,directed,20,RRAM,9,0.439759036144578,0,0.219879518072289,0,0.4625,0.4625,0.5375,186.324324324324
small,directed,20,RRAM,10,0.414201183431953,0,0.207100591715976,0,0.45,0.45,0.55,190.361111111111
small,directed,20,BDTR,1,0.716417910447761,0,0.358208955223881,0.307692307692308,0.65,0.65,0.35,184.576923076923
small,directed,20,BDTR,2,0.740963855421687,0,0.370481927710843,0.4,0.675,0.675,0.325,185.12962962963
small,directed,20,BDTR,3,0.76219512195122,0,0.38109756097561,0.333333333333333,0.675,0.675,0.325,179.259259259259
small,directed,20,BDTR,4,0.775075987841945,0,0.387537993920973,0.428571428571429,0.6875,0.6875,0.3125,183.018181818182
small,directed,20,BDTR,5,0.723723723723724,0,0.361861861861862,0.272727272727273,0.65,0.65,0.35,182.134615384615
small,directed,20,BDTR,6,0.76219512195122,0,0.38109756097561,0.333333333333333,0.6625,0.6625,0.3375,178.981132075472
small,directed,20,BDTR,7,0.740963855421687,0.130653266331658,0.435808560876673,0.4,0.6375,0.6375,0.3625,180.549019607843
small,directed,20,BDTR,8,0.75226586102719,0,0.376132930513595,0.333333333333333,0.6625,0.6625,0.3375,181.283018867925
small,directed,20,BDTR,9,0.772036474164134,0,0.386018237082067,0.571428571428571,0.675,0.675,0.325,186.074074074074
small,directed,20,BDTR,10,0.767371601208459,0,0.38368580060423,0.444444444444444,0.675,0.675,0.325,185.148148148148
small,directed,20,SROM,1,0.713432835820896,0,0.356716417910448,0.230769230769231,0.6375,0.6375,0.3625,184.843137254902
small,directed,20,SROM,2,0.735735735735736,0,0.367867867867868,0.272727272727273,0.6625,0.6625,0.3375,184.698113207547
small,directed,20,SROM,3,0.771341463414634,0,0.385670731707317,0.166666666666667,0.675,0.675,0.325,181.722222222222
small,directed,20,SROM,4,0.781155015197568,0,0.390577507598784,0.428571428571429,0.6875,0.6875,0.3125,187.436363636364
small,directed,20,SROM,5,0.732732732732733,0,0.366366366366366,0.181818181818182,0.65,0.65,0.35,183.5
small,directed,20,SROM,6,0.768292682926829,0,0.384146341463415,0.333333333333333,0.675,0.675,0.325,183.925925925926
small,directed,20,SROM,7,0.728915662650602,0,0.364457831325301,0.2,0.6375,0.6375,0.3625,182.019607843137
small,directed,20,SROM,8,0.755287009063444,0,0.377643504531722,0.222222222222222,0.6625,0.6625,0.3375,182.528301886792
small,directed,20,SROM,9,0.775075987841945,0,0.387537993920973,0.428571428571429,0.675,0.675,0.325,185.37037037037
small,directed,20,SROM,10,0.740181268882175,0,0.370090634441088,0.111111111111111,0.65,0.65,0.35,178.692307692308
small,directed,20,Hungarian (Ours),1,0.65015479876161,1,0.825077399380805,1,0.5875,0.5875,0.4125,153.936170212766
small,directed,20,Hungarian (Ours),2,0.681114551083591,1,0.840557275541796,1,0.6125,0.6125,0.3875,164.938775510204
small,directed,20,Hungarian (Ours),3,0.69969040247678,1,0.84984520123839,1,0.6375,0.6375,0.3625,171.470588235294
small,directed,20,Hungarian (Ours),4,0.712074303405573,1,0.856037151702786,1,0.625,0.625,0.375,171.3
small,directed,20,Hungarian (Ours),5,0.65015479876161,1,0.825077399380805,1,0.6,0.6,0.4,154.458333333333
small,directed,20,Hungarian (Ours),6,0.712074303405573,1,0.856037151702786,1,0.625,0.625,0.375,169.98
small,directed,20,Hungarian (Ours),7,0.619195046439629,1,0.809597523219814,1,0.55,0.55,0.45,146.181818181818
small,directed,20,Hungarian (Ours),8,0.730650154798762,1,0.865325077399381,1,0.6625,0.6625,0.3375,178.490566037736
small,directed,20,Hungarian (Ours),9,0.681114551083591,1,0.840557275541796,1,0.6125,0.6125,0.3875,162.877551020408
small,directed,20,Hungarian (Ours),10,0.712074303405573,1,0.856037151702786,1,0.6375,0.6375,0.3625,174.019607843137
small,directed,30,RRAM,1,0.495356037151703,1,0.747678018575851,1,0.5,0.5,0.5,196.85
small,directed,30,RRAM,2,0.495356037151703,1,0.747678018575851,1,0.5,0.5,0.5,196.85
small,directed,30,RRAM,3,0.495356037151703,1,0.747678018575851,1,0.5,0.5,0.5,196.85
small,directed,30,RRAM,4,0.388235294117647,0,0.194117647058824,0,0.4125,0.4125,0.5875,193.030303030303
small,directed,30,RRAM,5,0.39193083573487,0,0.195965417867435,0,0.4375,0.4375,0.5625,177.657142857143
small,directed,30,RRAM,6,0.388235294117647,0,0.194117647058824,0,0.425,0.425,0.575,195.294117647059
small,directed,30,RRAM,7,0.447761194029851,0,0.223880597014925,0,0.475,0.475,0.525,189.421052631579
small,directed,30,RRAM,8,0.495356037151703,1,0.747678018575851,1,0.5,0.5,0.5,196.85
small,directed,30,RRAM,9,0.395280235988201,0,0.1976401179941,0,0.425,0.425,0.575,189.970588235294
small,directed,30,RRAM,10,0.37463976945245,0,0.187319884726225,0,0.425,0.425,0.575,177.352941176471
small,directed,30,BDTR,1,0.746223564954683,0,0.373111782477341,0.333333333333333,0.675,0.675,0.325,184.648148148148
small,directed,30,BDTR,2,0.754545454545455,0,0.377272727272727,0.375,0.675,0.675,0.325,183.592592592593
small,directed,30,BDTR,3,0.778787878787879,0.145390070921986,0.462088974854932,0.375,0.6875,0.6875,0.3125,183.654545454545
small,directed,30,BDTR,4,0.625730994152047,0,0.312865497076023,0.2,0.575,0.575,0.425,185.130434782609
small,directed,30,BDTR,5,0.754545454545455,0,0.377272727272727,0.375,0.6625,0.6625,0.3375,181.169811320755
small,directed,30,BDTR,6,0.72972972972973,0,0.364864864864865,0.272727272727273,0.6625,0.6625,0.3375,179.264150943396
small,directed,30,BDTR,7,0.791540785498489,0,0.395770392749245,0.444444444444444,0.7125,0.7125,0.2875,186.894736842105
small,directed,30,BDTR,8,0.749244712990937,0,0.374622356495468,0.444444444444444,0.6625,0.6625,0.3375,181.490566037736
small,directed,30,BDTR,9,0.664705882352941,0,0.332352941176471,0.333333333333333,0.5875,0.5875,0.4125,184.574468085106
small,directed,30,BDTR,10,0.766666666666667,0,0.383333333333333,0.375,0.675,0.675,0.325,184.388888888889
small,directed,30,SROM,1,0.75,0,0.375,0.3,0.675,0.675,0.325,185.203703703704
small,directed,30,SROM,2,0.758308157099698,0,0.379154078549849,0.333333333333333,0.675,0.675,0.325,186.314814814815
small,directed,30,SROM,3,0.749244712990937,0,0.374622356495468,0.222222222222222,0.6625,0.6625,0.3375,183.018867924528
small,directed,30,SROM,4,0.646198830409357,0,0.323099415204678,0.15,0.5875,0.5875,0.4125,185.468085106383
small,directed,30,SROM,5,0.763636363636364,0,0.381818181818182,0.25,0.6625,0.6625,0.3375,182.584905660377
small,directed,30,SROM,6,0.715568862275449,0,0.357784431137725,0.0833333333333333,0.6375,0.6375,0.3625,178.647058823529
small,directed,30,SROM,7,0.756024096385542,0,0.378012048192771,0.3,0.675,0.675,0.325,185.981481481481
small,directed,30,SROM,8,0.764350453172205,0,0.382175226586103,0.333333333333333,0.675,0.675,0.325,186.074074074074
small,directed,30,SROM,9,0.647058823529412,0,0.323529411764706,0.111111111111111,0.5875,0.5875,0.4125,183.617021276596
small,directed,30,SROM,10,0.748484848484849,0,0.374242424242424,0.125,0.65,0.65,0.35,179.442307692308
small,directed,30,Hungarian (Ours),1,0.656346749226006,1,0.828173374613003,1,0.6,0.6,0.4,160.916666666667
small,directed,30,Hungarian (Ours),2,0.681114551083591,1,0.840557275541796,1,0.6125,0.6125,0.3875,164.34693877551
small,directed,30,Hungarian (Ours),3,0.668730650154799,1,0.834365325077399,1,0.6125,0.6125,0.3875,165.489795918367
small,directed,30,Hungarian (Ours),4,0.60061919504644,1,0.80030959752322,1,0.5375,0.5375,0.4625,155.441860465116
small,directed,30,Hungarian (Ours),5,0.687306501547988,1,0.843653250773994,1,0.6125,0.6125,0.3875,161.040816326531
small,directed,30,Hungarian (Ours),6,0.712074303405573,1,0.856037151702786,1,0.65,0.65,0.35,175.480769230769
small,directed,30,Hungarian (Ours),7,0.712074303405573,1,0.856037151702786,1,0.6375,0.6375,0.3625,175.490196078431
small,directed,30,Hungarian (Ours),8,0.693498452012384,1,0.846749226006192,1,0.625,0.625,0.375,169.64
small,directed,30,Hungarian (Ours),9,0.60061919504644,1,0.80030959752322,1,0.5375,0.5375,0.4625,149.790697674419
small,directed,30,Hungarian (Ours),10,0.687306501547988,1,0.843653250773994,1,0.6125,0.6125,0.3875,160.612244897959
small,directed,40,RRAM,1,0.363636363636364,0,0.181818181818182,0,0.4125,0.4125,0.5875,178.727272727273
small,directed,40,RRAM,2,0.395348837209302,0,0.197674418604651,0,0.4375,0.4375,0.5625,177.657142857143
small,directed,40,RRAM,3,0.351274787535411,0,0.175637393767705,0,0.4,0.4,0.6,178.03125
small,directed,40,RRAM,4,0.333333333333333,0,0.166666666666667,0,0.3875,0.3875,0.6125,179.129032258065
small,directed,40,RRAM,5,0.393063583815029,0,0.196531791907514,0,0.4375,0.4375,0.5625,177.657142857143
small,directed,40,RRAM,6,0.308988764044944,0,0.154494382022472,0,0.3625,0.3625,0.6375,184.137931034483
small,directed,40,RRAM,7,0.427299703264095,0,0.213649851632047,0,0.4625,0.4625,0.5375,189.459459459459
small,directed,40,RRAM,8,0.45045045045045,0,0.225225225225225,0,0.475,0.475,0.525,189.421052631579
small,directed,40,RRAM,9,0.388235294117647,0,0.194117647058824,0,0.4125,0.4125,0.5875,193.030303030303
small,directed,40,RRAM,10,0.358974358974359,0,0.179487179487179,0,0.4125,0.4125,0.5875,177.969696969697
small,directed,40,BDTR,1,0.674486803519062,0,0.337243401759531,0.210526315789474,0.6,0.6,0.4,182.145833333333
small,directed,40,BDTR,2,0.749244712990937,0,0.374622356495468,0.444444444444444,0.6375,0.6375,0.3625,178.176470588235
small,directed,40,BDTR,3,0.66374269005848,0,0.33187134502924,0.25,0.5875,0.5875,0.4125,174.68085106383
small,directed,40,BDTR,4,0.61046511627907,0,0.305232558139535,0.0909090909090909,0.55,0.55,0.45,171.272727272727
small,directed,40,BDTR,5,0.775757575757576,0,0.387878787878788,0.5,0.6625,0.6625,0.3375,183.150943396226
small,directed,40,BDTR,6,0.654178674351585,0,0.327089337175793,0.2,0.6125,0.6125,0.3875,182.387755102041
small,directed,40,BDTR,7,0.734939759036145,0,0.367469879518072,0.2,0.65,0.65,0.35,180.25
small,directed,40,BDTR,8,0.733333333333333,0,0.366666666666667,0.25,0.6375,0.6375,0.3625,177.725490196078
small,directed,40,BDTR,9,0.624641833810888,0,0.312320916905444,0.222222222222222,0.5625,0.5625,0.4375,181.533333333333
small,directed,40,BDTR,10,0.706586826347305,0,0.353293413173653,0.166666666666667,0.6125,0.6125,0.3875,174.959183673469
small,directed,40,SROM,1,0.624633431085044,0,0.312316715542522,0.0526315789473684,0.5625,0.5625,0.4375,170.822222222222
small,directed,40,SROM,2,0.72809667673716,0,0.36404833836858,0.111111111111111,0.625,0.625,0.375,174.64
small,directed,40,SROM,3,0.625730994152047,0,0.312865497076023,0.1,0.5625,0.5625,0.4375,171.466666666667
small,directed,40,SROM,4,0.622093023255814,0,0.311046511627907,0.0909090909090909,0.5625,0.5625,0.4375,176.511111111111
small,directed,40,SROM,5,0.751515151515151,0,0.375757575757576,0.25,0.65,0.65,0.35,180.653846153846
small,directed,40,SROM,6,0.593659942363112,0,0.296829971181556,0.08,0.5375,0.5375,0.4625,170.395348837209
small,directed,40,SROM,7,0.732732732732733,0,0.366366366366366,0.181818181818182,0.6375,0.6375,0.3625,177.411764705882
small,directed,40,SROM,8,0.745454545454545,0,0.372727272727273,0.25,0.65,0.65,0.35,180.346153846154
small,directed,40,SROM,9,0.573065902578797,0,0.286532951289398,0.0740740740740741,0.5375,0.5375,0.4625,174.93023255814
small,directed,40,SROM,10,0.695522388059701,0,0.347761194029851,0.0769230769230769,0.6,0.6,0.4,171.666666666667
small,directed,40,Hungarian (Ours),1,0.631578947368421,1,0.815789473684211,1,0.575,0.575,0.425,155.847826086957
small,directed,40,Hungarian (Ours),2,0.643962848297214,1,0.821981424148607,1,0.5875,0.5875,0.4125,152.957446808511
small,directed,40,Hungarian (Ours),3,0.61609907120743,0.910299003322259,0.763199037264845,1,0.55,0.55,0.45,155.204545454545
small,directed,40,Hungarian (Ours),4,0.588235294117647,1,0.794117647058824,1,0.5375,0.5375,0.4625,151.93023255814
small,directed,40,Hungarian (Ours),5,0.643962848297214,1,0.821981424148607,1,0.575,0.575,0.425,150.586956521739
small,directed,40,Hungarian (Ours),6,0.575851393188854,1,0.787925696594427,1,0.5125,0.5125,0.4875,156.80487804878
small,directed,40,Hungarian (Ours),7,0.693498452012384,1,0.846749226006192,1,0.6125,0.6125,0.3875,167.795918367347
small,directed,40,Hungarian (Ours),8,0.687306501547988,1,0.843653250773994,1,0.625,0.625,0.375,166.08
small,directed,40,Hungarian (Ours),9,0.532507739938081,1,0.76625386996904,1,0.4875,0.4875,0.5125,140
small,directed,40,Hungarian (Ours),10,0.643962848297214,1,0.821981424148607,1,0.575,0.575,0.425,150.304347826087
large,random,20,RRAM,1,0.35,0.295081967213115,0.322540983606557,0.25,0.366666666666667,0.366666666666667,0.633333333333333,134.863636363636
large,random,20,RRAM,2,0.330645161290323,0.3875,0.359072580645161,0.125,0.35,0.35,0.65,124.571428571429
large,random,20,RRAM,3,0.332640332640333,1,0.666320166320166,1,0.341666666666667,0.341666666666667,0.658333333333333,127.09756097561
large,random,20,RRAM,4,0.363817097415507,0,0.181908548707753,0.130434782608696,0.383333333333333,0.383333333333333,0.616666666666667,143.434782608696
large,random,20,RRAM,5,0.53384912959381,0.0134529147982063,0.273651022196008,0.432432432432432,0.525,0.525,0.475,158.968253968254
large,random,20,RRAM,6,0.364185110663984,0.0225563909774437,0.193370750820714,0.411764705882353,0.358333333333333,0.358333333333333,0.641666666666667,149.674418604651
large,random,20,RRAM,7,0.416502946954813,0.174377224199288,0.295440085577051,0.413793103448276,0.441666666666667,0.441666666666667,0.558333333333333,142.981132075472
large,random,20,RRAM,8,0.478174603174603,0.202429149797571,0.340301876486087,0.541666666666667,0.441666666666667,0.441666666666667,0.558333333333333,154.075471698113
large,random,20,RRAM,9,0.345679012345679,0.325301204819277,0.335490108582478,0.666666666666667,0.35,0.35,0.65,136.547619047619
large,random,20,RRAM,10,0.34020618556701,0.474903474903475,0.407554830235243,0.2,0.35,0.35,0.65,129.52380952381
large,random,20,BDTR,1,0.723790322580645,0.0326530612244897,0.378221691902567,0.1875,0.65,0.65,0.35,171.166666666667
large,random,20,BDTR,2,0.732251521298174,0.166666666666667,0.449459093982421,0.230769230769231,0.708333333333333,0.708333333333333,0.291666666666667,177.517647058824
large,random,20,BDTR,3,0.716599190283401,0.0381679389312977,0.377383564607349,0.142857142857143,0.658333333333333,0.658333333333333,0.341666666666667,170.341772151899
large,random,20,BDTR,4,0.768916155419223,0.0758293838862559,0.422372769652739,0.444444444444444,0.675,0.675,0.325,173.691358024691
large,random,20,BDTR,5,0.738430583501006,0.0163934426229508,0.377412013061978,0.176470588235294,0.675,0.675,0.325,174.135802469136
large,random,20,BDTR,6,0.728370221327968,0,0.364185110663984,0.117647058823529,0.641666666666667,0.641666666666667,0.358333333333333,171.493506493506
large,random,20,BDTR,7,0.765182186234818,0.0848056537102474,0.424993919972533,0.285714285714286,0.708333333333333,0.708333333333333,0.291666666666667,174.741176470588
large,random,20,BDTR,8,0.719758064516129,0.183333333333333,0.451545698924731,0.0625,0.658333333333333,0.658333333333333,0.341666666666667,171.620253164557
large,random,20,BDTR,9,0.746450304259635,0.141129032258065,0.44378966825885,0.153846153846154,0.658333333333333,0.658333333333333,0.341666666666667,168.860759493671
large,random,20,BDTR,10,0.724137931034483,0.0891472868217055,0.406642608928094,0.0769230769230769,0.65,0.65,0.35,169.846153846154
large,random,20,SROM,1,0.755511022044088,0,0.377755511022044,0.157894736842105,0.658333333333333,0.658333333333333,0.341666666666667,169.962025316456
large,random,20,SROM,2,0.765784114052953,0.0389105058365758,0.402347309944764,0.363636363636364,0.7,0.7,0.3,173.488095238095
large,random,20,SROM,3,0.744421906693712,0.195918367346939,0.470170137020325,0.0769230769230769,0.666666666666667,0.666666666666667,0.333333333333333,168.5375
large,random,20,SROM,4,0.770961145194274,0.0758293838862559,0.423395264540265,0.333333333333333,0.683333333333333,0.683333333333333,0.316666666666667,172.268292682927
large,random,20,SROM,5,0.744466800804829,0,0.372233400402414,0.117647058823529,0.658333333333333,0.658333333333333,0.341666666666667,167.924050632911
large,random,20,SROM,6,0.730382293762575,0.197718631178707,0.464050462470641,0.0588235294117647,0.641666666666667,0.641666666666667,0.358333333333333,168.298701298701
large,random,20,SROM,7,0.753012048192771,0,0.376506024096386,0.166666666666667,0.683333333333333,0.683333333333333,0.316666666666667,169.524390243902
large,random,20,SROM,8,0.752016129032258,0.0853658536585366,0.418690991345397,0.1875,0.666666666666667,0.666666666666667,0.333333333333333,174.1875
large,random,20,SROM,9,0.769230769230769,0.141129032258065,0.455179900744417,0.142857142857143,0.666666666666667,0.666666666666667,0.333333333333333,168.4875
large,random,20,SROM,10,0.769230769230769,0.279166666666667,0.524198717948718,0.142857142857143,0.658333333333333,0.658333333333333,0.341666666666667,166.417721518987
large,random,20,Hungarian (Ours),1,0.669438669438669,1,0.834719334719335,1,0.666666666666667,0.666666666666667,0.333333333333333,129.1375
large,random,20,Hungarian (Ours),2,0.698544698544699,1,0.849272349272349,1,0.691666666666667,0.691666666666667,0.308333333333333,140.457831325301
large,random,20,Hungarian (Ours),3,0.661122661122661,1,0.830561330561331,1,0.658333333333333,0.658333333333333,0.341666666666667,132.164556962025
large,random,20,Hungarian (Ours),4,0.69022869022869,1,0.845114345114345,1,0.683333333333333,0.683333333333333,0.316666666666667,137.426829268293
large,random,20,Hungarian (Ours),5,0.665280665280665,1,0.832640332640333,1,0.658333333333333,0.658333333333333,0.341666666666667,132.455696202532
large,random,20,Hungarian (Ours),6,0.647302904564315,0.625,0.636151452282158,1,0.641666666666667,0.641666666666667,0.358333333333333,139.831168831169
large,random,20,Hungarian (Ours),7,0.636174636174636,1,0.818087318087318,1,0.625,0.625,0.375,130.333333333333
large,random,20,Hungarian (Ours),8,0.644490644490645,1,0.822245322245322,1,0.641666666666667,0.641666666666667,0.358333333333333,133.675324675325
large,random,20,Hungarian (Ours),9,0.656964656964657,1,0.828482328482329,1,0.65,0.65,0.35,132.397435897436
large,random,20,Hungarian (Ours),10,0.677754677754678,1,0.838877338877339,1,0.675,0.675,0.325,134.481481481481
large,random,30,RRAM,1,0.357001972386588,0.225296442687747,0.291149207537167,0.259259259259259,0.366666666666667,0.366666666666667,0.633333333333333,142.590909090909
large,random,30,RRAM,2,0.353061224489796,0,0.176530612244898,0.3,0.358333333333333,0.358333333333333,0.641666666666667,133.348837209302
large,random,30,RRAM,3,0.383858267716535,0.117437722419929,0.250647995068232,0.25,0.4,0.4,0.6,145.354166666667
large,random,30,RRAM,4,0.38715953307393,0.0923076923076923,0.239733612690811,0.264705882352941,0.4,0.4,0.6,146.604166666667
large,random,30,RRAM,5,0.463461538461538,0,0.231730769230769,0.275,0.466666666666667,0.466666666666667,0.533333333333333,143.857142857143
large,random,30,RRAM,6,0.50968992248062,0,0.25484496124031,0.472222222222222,0.475,0.475,0.525,150.912280701754
large,random,30,RRAM,7,0.42314990512334,0.0260223048327137,0.224586104978027,0.276595744680851,0.425,0.425,0.575,154.960784313725
large,random,30,RRAM,8,0.35655737704918,0.32295719844358,0.33975728774638,0.5,0.358333333333333,0.358333333333333,0.641666666666667,136.046511627907
large,random,30,RRAM,9,0.502912621359223,0,0.251456310679612,0.428571428571429,0.475,0.475,0.525,143.228070175439
large,random,30,RRAM,10,0.405138339920949,0.120754716981132,0.26294652845104,0.269230769230769,0.425,0.425,0.575,149.56862745098
large,random,30,BDTR,1,0.6841046277666,0,0.3420523138833,0.117647058823529,0.616666666666667,0.616666666666667,0.383333333333333,167.72972972973
large,random,30,BDTR,2,0.754065040650406,0.0608695652173913,0.407467302933899,0.25,0.675,0.675,0.325,172.679012345679
large,random,30,BDTR,3,0.687007874015748,0,0.343503937007874,0.178571428571429,0.641666666666667,0.641666666666667,0.358333333333333,168.25974025974
large,random,30,BDTR,4,0.728744939271255,0,0.364372469635628,0.285714285714286,0.666666666666667,0.666666666666667,0.333333333333333,172.25
large,random,30,BDTR,5,0.688755020080321,0.00371747211895912,0.34623624609964,0.166666666666667,0.691666666666667,0.691666666666667,0.308333333333333,174.325301204819
large,random,30,BDTR,6,0.678714859437751,0,0.339357429718876,0.111111111111111,0.65,0.65,0.35,165.192307692308
large,random,30,BDTR,7,0.71,0,0.355,0.35,0.675,0.675,0.325,173.827160493827
large,random,30,BDTR,8,0.642147117296223,0.11304347826087,0.377595297778546,0.0434782608695652,0.591666666666667,0.591666666666667,0.408333333333333,154.521126760563
large,random,30,BDTR,9,0.696,0.004,0.35,0.2,0.65,0.65,0.35,169.166666666667
large,random,30,BDTR,10,0.747474747474748,0.0416666666666666,0.394570707070707,0.4,0.683333333333333,0.683333333333333,0.316666666666667,173.865853658537
large,random,30,SROM,1,0.676646706586826,0.0238095238095238,0.350228115198175,0.142857142857143,0.608333333333333,0.608333333333333,0.391666666666667,168.479452054795
large,random,30,SROM,2,0.773737373737374,0,0.386868686868687,0.2,0.691666666666667,0.691666666666667,0.308333333333333,173.192771084337
large,random,30,SROM,3,0.755424063116371,0,0.377712031558185,0.111111111111111,0.666666666666667,0.666666666666667,0.333333333333333,167.725
large,random,30,SROM,4,0.707661290322581,0.0617760617760618,0.384718676049321,0.1875,0.65,0.65,0.35,167.833333333333
large,random,30,SROM,5,0.660678642714571,0,0.330339321357285,0.142857142857143,0.65,0.65,0.35,171.448717948718
large,random,30,SROM,6,0.725450901803607,0,0.362725450901804,0.210526315789474,0.666666666666667,0.666666666666667,0.333333333333333,172.7625
large,random,30,SROM,7,0.716269841269841,0.0522388059701493,0.384254323619995,0.208333333333333,0.675,0.675,0.325,173.185185185185
large,random,30,SROM,8,0.760956175298805,0,0.380478087649402,0.181818181818182,0.666666666666667,0.666666666666667,0.333333333333333,167.45
large,random,30,SROM,9,0.717391304347826,0,0.358695652173913,0.192307692307692,0.675,0.675,0.325,170.864197530864
large,random,30,SROM,10,0.78672032193159,0.0606060606060606,0.423663191268825,0.294117647058824,0.691666666666667,0.691666666666667,0.308333333333333,171.987951807229
large,random,30,Hungarian (Ours),1,0.632016632016632,1,0.816008316008316,1,0.633333333333333,0.633333333333333,0.366666666666667,133.605263157895
large,random,30,Hungarian (Ours),2,0.661122661122661,1,0.830561330561331,1,0.658333333333333,0.658333333333333,0.341666666666667,133.20253164557
large,random,30,Hungarian (Ours),3,0.636174636174636,1,0.818087318087318,1,0.583333333333333,0.583333333333333,0.416666666666667,128.571428571429
large,random,30,Hungarian (Ours),4,0.656964656964657,1,0.828482328482329,1,0.658333333333333,0.658333333333333,0.341666666666667,133.620253164557
large,random,30,Hungarian (Ours),5,0.673596673596674,1,0.836798336798337,1,0.675,0.675,0.325,136.740740740741
large,random,30,Hungarian (Ours),6,0.686070686070686,1,0.843035343035343,1,0.675,0.675,0.325,134.481481481481
large,random,30,Hungarian (Ours),7,0.677754677754678,1,0.838877338877339,1,0.675,0.675,0.325,137.296296296296
large,random,30,Hungarian (Ours),8,0.681912681912682,1,0.840956340956341,1,0.683333333333333,0.683333333333333,0.316666666666667,138.646341463415
large,random,30,Hungarian (Ours),9,0.669438669438669,1,0.834719334719335,1,0.675,0.675,0.325,136.765432098765
large,random,30,Hungarian (Ours),10,0.648648648648649,1,0.824324324324324,1,0.641666666666667,0.641666666666667,0.358333333333333,131.675324675325
large,random,40,RRAM,1,0.400398406374502,0.151408450704225,0.275903428539364,0.318181818181818,0.4,0.4,0.6,147.729166666667
large,random,40,RRAM,2,0.315463917525773,0.285171102661597,0.300317510093685,0.2,0.325,0.325,0.675,129.974358974359
large,random,40,RRAM,3,0.351515151515152,0.228,0.289757575757576,0.266666666666667,0.358333333333333,0.358333333333333,0.641666666666667,132.348837209302
large,random,40,RRAM,4,0.504655493482309,0,0.252327746741155,0.368421052631579,0.533333333333333,0.533333333333333,0.466666666666667,165.1875
large,random,40,RRAM,5,0.340637450199203,0.0785714285714286,0.209604439385316,0.136363636363636,0.358333333333333,0.358333333333333,0.641666666666667,134.209302325581
large,random,40,RRAM,6,0.501845018450184,0,0.250922509225092,0.419354838709677,0.491666666666667,0.491666666666667,0.508333333333333,158.186440677966
large,random,40,RRAM,7,0.444664031620553,0.117424242424242,0.281044137022398,0.423076923076923,0.466666666666667,0.466666666666667,0.533333333333333,154.696428571429
large,random,40,RRAM,8,0.370741482965932,0,0.185370741482966,0.368421052631579,0.366666666666667,0.366666666666667,0.633333333333333,144.613636363636
large,random,40,RRAM,9,0.320987654320988,0.252032520325203,0.286510087323095,0.333333333333333,0.325,0.325,0.675,124.948717948718
large,random,40,RRAM,10,0.362725450901804,0.0830188679245283,0.222872159413166,0.263157894736842,0.366666666666667,0.366666666666667,0.633333333333333,136.204545454545
large,random,40,BDTR,1,0.732673267326733,0,0.366336633663366,0.4,0.683333333333333,0.683333333333333,0.316666666666667,172.853658536585
large,random,40,BDTR,2,0.643137254901961,0.0433070866141733,0.343222170758067,0.0666666666666667,0.616666666666667,0.616666666666667,0.383333333333333,165.121621621622
large,random,40,BDTR,3,0.664705882352941,0,0.332352941176471,0.166666666666667,0.616666666666667,0.616666666666667,0.383333333333333,165.527027027027
large,random,40,BDTR,4,0.635108481262327,0.0118110236220472,0.323459752442187,0.296296296296296,0.633333333333333,0.633333333333333,0.366666666666667,173.578947368421
large,random,40,BDTR,5,0.67258382642998,0.0725806451612904,0.372582235795635,0.185185185185185,0.6,0.6,0.4,153.083333333333
large,random,40,BDTR,6,0.641732283464567,0,0.320866141732283,0.142857142857143,0.616666666666667,0.616666666666667,0.383333333333333,170.040540540541
large,random,40,BDTR,7,0.697813121272366,0,0.348906560636183,0.304347826086957,0.666666666666667,0.666666666666667,0.333333333333333,172.1375
large,random,40,BDTR,8,0.607843137254902,0,0.303921568627451,0.133333333333333,0.616666666666667,0.616666666666667,0.383333333333333,167.959459459459
large,random,40,BDTR,9,0.62426614481409,0,0.312133072407045,0.161290322580645,0.616666666666667,0.616666666666667,0.383333333333333,168.027027027027
large,random,40,BDTR,10,0.637426900584795,0,0.318713450292398,0.212121212121212,0.616666666666667,0.616666666666667,0.383333333333333,167.135135135135
large,random,40,SROM,1,0.740157480314961,0,0.37007874015748,0.285714285714286,0.683333333333333,0.683333333333333,0.316666666666667,173.707317073171
large,random,40,SROM,2,0.650887573964497,0,0.325443786982249,0.0740740740740741,0.608333333333333,0.608333333333333,0.391666666666667,164.547945205479
large,random,40,SROM,3,0.691552062868369,0.104803493449782,0.398177778159076,0.0689655172413793,0.591666666666667,0.591666666666667,0.408333333333333,153.338028169014
large,random,40,SROM,4,0.637080867850099,0.0597014925373134,0.348391180193706,0.185185185185185,0.633333333333333,0.633333333333333,0.366666666666667,173.144736842105
large,random,40,SROM,5,0.7,0.0842911877394636,0.392145593869732,0.166666666666667,0.625,0.625,0.375,158.56
large,random,40,SROM,6,0.690802348336595,0,0.345401174168297,0.161290322580645,0.625,0.625,0.375,166.746666666667
large,random,40,SROM,7,0.709233791748527,0,0.354616895874263,0.241379310344828,0.666666666666667,0.666666666666667,0.333333333333333,171.525
large,random,40,SROM,8,0.653465346534653,0,0.326732673267327,0.08,0.633333333333333,0.633333333333333,0.366666666666667,167.473684210526
large,random,40,SROM,9,0.691699604743083,0,0.345849802371542,0.230769230769231,0.633333333333333,0.633333333333333,0.366666666666667,170.894736842105
large,random,40,SROM,10,0.675834970530452,0.0537190082644629,0.364776989397457,0.0689655172413793,0.591666666666667,0.591666666666667,0.408333333333333,158.394366197183
large,random,40,Hungarian (Ours),1,0.69022869022869,1,0.845114345114345,1,0.691666666666667,0.691666666666667,0.308333333333333,139.373493975904
large,random,40,Hungarian (Ours),2,0.681912681912682,1,0.840956340956341,1,0.683333333333333,0.683333333333333,0.316666666666667,139.09756097561
large,random,40,Hungarian (Ours),3,0.665280665280665,1,0.832640332640333,1,0.658333333333333,0.658333333333333,0.341666666666667,132.481012658228
large,random,40,Hungarian (Ours),4,0.611226611226611,1,0.805613305613306,1,0.625,0.625,0.375,134.04
large,random,40,Hungarian (Ours),5,0.644490644490645,1,0.822245322245322,1,0.65,0.65,0.35,129.102564102564
large,random,40,Hungarian (Ours),6,0.686070686070686,1,0.843035343035343,1,0.675,0.675,0.325,135.592592592593
large,random,40,Hungarian (Ours),7,0.665280665280665,1,0.832640332640333,1,0.65,0.65,0.35,134.038461538462
large,random,40,Hungarian (Ours),8,0.618257261410788,0.68609865470852,0.652177958059654,1,0.616666666666667,0.616666666666667,0.383333333333333,130.797297297297
large,random,40,Hungarian (Ours),9,0.642411642411642,0.463302752293578,0.55285719735261,1,0.65,0.65,0.35,136.128205128205
large,random,40,Hungarian (Ours),10,0.671517671517671,0.60082304526749,0.636170358392581,1,0.666666666666667,0.666666666666667,0.333333333333333,135.5125
large,balanced,20,RRAM,1,0.316770186335404,0.625,0.470885093167702,0.333333333333333,0.325,0.325,0.675,125.794871794872
large,balanced,20,RRAM,2,0.318181818181818,0.366548042704626,0.342364930443222,0.5,0.325,0.325,0.675,131.358974358974
large,balanced,20,RRAM,3,0.525,0.190114068441065,0.357557034220532,0.425,0.5,0.5,0.5,151.8
large,balanced,20,RRAM,4,0.328,0.290697674418605,0.309348837209302,0.3,0.341666666666667,0.341666666666667,0.658333333333333,132.926829268293
large,balanced,20,RRAM,5,0.332640332640333,1,0.666320166320166,1,0.341666666666667,0.341666666666667,0.658333333333333,127.09756097561
large,balanced,20,RRAM,6,0.335341365461847,0.245210727969349,0.290276046715598,0.277777777777778,0.35,0.35,0.65,129.952380952381
large,balanced,20,RRAM,7,0.368951612903226,0.201970443349754,0.28546102812649,0.3125,0.383333333333333,0.383333333333333,0.616666666666667,138.934782608696
large,balanced,20,RRAM,8,0.305555555555556,0.405405405405405,0.35548048048048,0.333333333333333,0.325,0.325,0.675,129.307692307692
large,balanced,20,RRAM,9,0.332640332640333,1,0.666320166320166,1,0.341666666666667,0.341666666666667,0.658333333333333,127.09756097561
large,balanced,20,RRAM,10,0.332657200811359,0.196078431372549,0.264367816091954,0.307692307692308,0.35,0.35,0.65,133.571428571429
large,balanced,20,BDTR,1,0.752032520325203,0.102564102564103,0.427298311444653,0.166666666666667,0.658333333333333,0.658333333333333,0.341666666666667,170.126582278481
large,balanced,20,BDTR,2,0.685370741482966,0.0392857142857143,0.36232822788434,0.105263157894737,0.608333333333333,0.608333333333333,0.391666666666667,174.205479452055
large,balanced,20,BDTR,3,0.703187250996016,0.00396825396825395,0.353577752482135,0.136363636363636,0.658333333333333,0.658333333333333,0.341666666666667,172.936708860759
large,balanced,20,BDTR,4,0.645544554455446,0,0.322772277227723,0,0.583333333333333,0.583333333333333,0.416666666666667,167.857142857143
large,balanced,20,BDTR,5,0.709349593495935,0.426229508196721,0.567789550846328,0.0833333333333333,0.658333333333333,0.658333333333333,0.341666666666667,169.708860759494
large,balanced,20,BDTR,6,0.731462925851703,0.073076923076923,0.402269924464313,0.0526315789473684,0.633333333333333,0.633333333333333,0.366666666666667,169.421052631579
large,balanced,20,BDTR,7,0.739754098360656,0.0841584158415841,0.41195625710112,0.125,0.633333333333333,0.633333333333333,0.366666666666667,167.447368421053
large,balanced,20,BDTR,8,0.660079051383399,0.075,0.3675395256917,0.153846153846154,0.6,0.6,0.4,167.361111111111
large,balanced,20,BDTR,9,0.681541582150101,0,0.340770791075051,0,0.658333333333333,0.658333333333333,0.341666666666667,169.822784810127
large,balanced,20,BDTR,10,0.686746987951807,0,0.343373493975904,0.111111111111111,0.641666666666667,0.641666666666667,0.358333333333333,167.792207792208
large,balanced,20,SROM,1,0.768292682926829,0.111675126903553,0.439983904915191,0.166666666666667,0.675,0.675,0.325,171.012345679012
large,balanced,20,SROM,2,0.713426853707415,0,0.356713426853707,0.105263157894737,0.625,0.625,0.375,171.466666666667
large,balanced,20,SROM,3,0.752988047808765,0,0.376494023904382,0.181818181818182,0.675,0.675,0.325,171.777777777778
large,balanced,20,SROM,4,0.669306930693069,0.0739299610894941,0.371618445891282,0.08,0.583333333333333,0.583333333333333,0.416666666666667,166.414285714286
large,balanced,20,SROM,5,0.711382113821138,0,0.355691056910569,0,0.633333333333333,0.633333333333333,0.366666666666667,162.565789473684
large,balanced,20,SROM,6,0.761523046092184,0,0.380761523046092,0.105263157894737,0.65,0.65,0.35,168.730769230769
large,balanced,20,SROM,7,0.754601226993865,0.0841584158415841,0.419379821417725,0.111111111111111,0.65,0.65,0.35,167.141025641026
large,balanced,20,SROM,8,0.691699604743083,0.075,0.383349802371541,0.0769230769230769,0.608333333333333,0.608333333333333,0.391666666666667,165.178082191781
large,balanced,20,SROM,9,0.696356275303644,0,0.348178137651822,0,0.65,0.65,0.35,168.128205128205
large,balanced,20,SROM,10,0.698795180722892,0.0748031496062992,0.386799165164595,0.222222222222222,0.641666666666667,0.641666666666667,0.358333333333333,167.87012987013
large,balanced,20,Hungarian (Ours),1,0.661122661122661,1,0.830561330561331,1,0.658333333333333,0.658333333333333,0.341666666666667,135.493670886076
large,balanced,20,Hungarian (Ours),2,0.556016597510373,0.546218487394958,0.551117542452666,1,0.566666666666667,0.566666666666667,0.433333333333333,126.397058823529
large,balanced,20,Hungarian (Ours),3,0.656964656964657,1,0.828482328482329,1,0.65,0.65,0.35,131.435897435897
large,balanced,20,Hungarian (Ours),4,0.573804573804574,1,0.786902286902287,1,0.591666666666667,0.591666666666667,0.408333333333333,133.619718309859
large,balanced,20,Hungarian (Ours),5,0.644490644490645,1,0.822245322245322,1,0.65,0.65,0.35,132.75641025641
large,balanced,20,Hungarian (Ours),6,0.665280665280665,1,0.832640332640333,1,0.666666666666667,0.666666666666667,0.333333333333333,135.2375
large,balanced,20,Hungarian (Ours),7,0.648648648648649,1,0.824324324324324,1,0.65,0.65,0.35,132.423076923077
large,balanced,20,Hungarian (Ours),8,0.615384615384615,1,0.807692307692308,1,0.616666666666667,0.616666666666667,0.383333333333333,133.594594594595
large,balanced,20,Hungarian (Ours),9,0.625779625779626,0.531120331950207,0.578449978864917,1,0.641666666666667,0.641666666666667,0.358333333333333,131.012987012987
large,balanced,20,Hungarian (Ours),10,0.61954261954262,1,0.80977130977131,1,0.625,0.625,0.375,131.773333333333
large,balanced,30,RRAM,1,0.332681017612524,0.252707581227437,0.292694299419981,0.129032258064516,0.35,0.35,0.65,140.214285714286
large,balanced,30,RRAM,2,0.355731225296443,0.142011834319527,0.248871529807985,0.230769230769231,0.383333333333333,0.383333333333333,0.616666666666667,143.391304347826
large,balanced,30,RRAM,3,0.315151515151515,0.25,0.282575757575758,0.133333333333333,0.325,0.325,0.675,123.820512820513
large,balanced,30,RRAM,4,0.383429672447013,0.177865612648221,0.280647642547617,0.230769230769231,0.408333333333333,0.408333333333333,0.591666666666667,144.897959183673
large,balanced,30,RRAM,5,0.468992248062016,0,0.234496124031008,0.388888888888889,0.458333333333333,0.458333333333333,0.541666666666667,151.6
large,balanced,30,RRAM,6,0.363095238095238,0.170212765957447,0.266654002026342,0.208333333333333,0.375,0.375,0.625,141.088888888889
large,balanced,30,RRAM,7,0.336,0.0948616600790514,0.215430830039526,0.2,0.35,0.35,0.65,130.452380952381
large,balanced,30,RRAM,8,0.336693548387097,0.37109375,0.353893649193548,0.1875,0.341666666666667,0.341666666666667,0.658333333333333,123.756097560976
large,balanced,30,RRAM,9,0.362204724409449,0.069672131147541,0.215938427778495,0.285714285714286,0.375,0.375,0.625,145.311111111111
large,balanced,30,RRAM,10,0.347222222222222,0.286231884057971,0.316727053140097,0.291666666666667,0.358333333333333,0.358333333333333,0.641666666666667,133.674418604651
large,balanced,30,BDTR,1,0.687872763419483,0,0.343936381709742,0.173913043478261,0.616666666666667,0.616666666666667,0.383333333333333,169.378378378378
large,balanced,30,BDTR,2,0.714285714285714,0.0391061452513967,0.376695929768555,0.0588235294117647,0.625,0.625,0.375,166.146666666667
large,balanced,30,BDTR,3,0.666666666666667,0,0.333333333333333,0.166666666666667,0.6,0.6,0.4,163.263888888889
large,balanced,30,BDTR,4,0.710059171597633,0,0.355029585798817,0.148148148148148,0.616666666666667,0.616666666666667,0.383333333333333,164.567567567568
large,balanced,30,BDTR,5,0.709418837675351,0,0.354709418837675,0.210526315789474,0.625,0.625,0.375,167.066666666667
large,balanced,30,BDTR,6,0.615384615384615,0,0.307692307692308,0.148148148148148,0.608333333333333,0.608333333333333,0.391666666666667,171.219178082192
large,balanced,30,BDTR,7,0.733870967741935,0,0.366935483870968,0.25,0.675,0.675,0.325,171.765432098765
large,balanced,30,BDTR,8,0.673267326732673,0,0.336633663366337,0.24,0.633333333333333,0.633333333333333,0.366666666666667,169.276315789474
large,balanced,30,BDTR,9,0.718,0,0.359,0.05,0.616666666666667,0.616666666666667,0.383333333333333,167.472972972973
large,balanced,30,BDTR,10,0.67258382642998,0.143382352941177,0.407983089685578,0.111111111111111,0.633333333333333,0.633333333333333,0.366666666666667,172.907894736842
large,balanced,30,SROM,1,0.734653465346535,0,0.367326732673267,0.2,0.65,0.65,0.35,173.24358974359
large,balanced,30,SROM,2,0.72289156626506,0,0.36144578313253,0,0.633333333333333,0.633333333333333,0.366666666666667,164.210526315789
large,balanced,30,SROM,3,0.682539682539683,0.204633204633205,0.443586443586444,0.0833333333333333,0.583333333333333,0.583333333333333,0.416666666666667,157.428571428571
large,balanced,30,SROM,4,0.717948717948718,0,0.358974358974359,0,0.616666666666667,0.616666666666667,0.383333333333333,160.810810810811
large,balanced,30,SROM,5,0.718,0,0.359,0.15,0.633333333333333,0.633333333333333,0.366666666666667,165.473684210526
large,balanced,30,SROM,6,0.624015748031496,0,0.312007874015748,0.107142857142857,0.625,0.625,0.375,174.28
large,balanced,30,SROM,7,0.759036144578313,0,0.379518072289157,0.333333333333333,0.683333333333333,0.683333333333333,0.316666666666667,173.463414634146
large,balanced,30,SROM,8,0.743083003952569,0,0.371541501976285,0.230769230769231,0.658333333333333,0.658333333333333,0.341666666666667,167.26582278481
large,balanced,30,SROM,9,0.73,0,0.365,0.05,0.633333333333333,0.633333333333333,0.366666666666667,167.026315789474
large,balanced,30,SROM,10,0.664705882352941,0.0862745098039216,0.375490196078431,0.0333333333333333,0.616666666666667,0.616666666666667,0.383333333333333,164.243243243243
large,balanced,30,Hungarian (Ours),1,0.630705394190871,0.909774436090226,0.770239915140548,1,0.625,0.625,0.375,131.066666666667
large,balanced,30,Hungarian (Ours),2,0.661122661122661,1,0.830561330561331,1,0.658333333333333,0.658333333333333,0.341666666666667,132.012658227848
large,balanced,30,Hungarian (Ours),3,0.609147609147609,0.72289156626506,0.666019587706335,1,0.608333333333333,0.608333333333333,0.391666666666667,131.835616438356
large,balanced,30,Hungarian (Ours),4,0.64033264033264,1,0.82016632016632,1,0.625,0.625,0.375,129.133333333333
large,balanced,30,Hungarian (Ours),5,0.69022869022869,1,0.845114345114345,1,0.683333333333333,0.683333333333333,0.316666666666667,138.792682926829
large,balanced,30,Hungarian (Ours),6,0.575883575883576,0.894927536231884,0.73540555605773,1,0.6,0.6,0.4,134.555555555556
large,balanced,30,Hungarian (Ours),7,0.652806652806653,1,0.826403326403326,1,0.65,0.65,0.35,132.551282051282
large,balanced,30,Hungarian (Ours),8,0.648648648648649,1,0.824324324324324,1,0.633333333333333,0.633333333333333,0.366666666666667,131.684210526316
large,balanced,30,Hungarian (Ours),9,0.661122661122661,1,0.830561330561331,1,0.658333333333333,0.658333333333333,0.341666666666667,133.860759493671
large,balanced,30,Hungarian (Ours),10,0.673596673596674,1,0.836798336798337,1,0.675,0.675,0.325,139.679012345679
large,balanced,40,RRAM,1,0.374257425742574,0.0257352941176471,0.199996359930111,0.44,0.383333333333333,0.383333333333333,0.616666666666667,147.45652173913
large,balanced,40,RRAM,2,0.35969868173258,0.132,0.24584934086629,0.0588235294117647,0.4,0.4,0.6,140.625
large,balanced,40,RRAM,3,0.347169811320755,0.277992277992278,0.312581044656516,0.04,0.383333333333333,0.383333333333333,0.616666666666667,137.565217391304
large,balanced,40,RRAM,4,0.424354243542435,0,0.212177121771218,0.225806451612903,0.441666666666667,0.441666666666667,0.558333333333333,148.641509433962
large,balanced,40,RRAM,5,0.334630350194553,0,0.167315175097276,0.235294117647059,0.358333333333333,0.358333333333333,0.641666666666667,151.093023255814
large,balanced,40,RRAM,6,0.399232245681382,0.00440528634361237,0.201818766012497,0.24390243902439,0.416666666666667,0.416666666666667,0.583333333333333,160.46
large,balanced,40,RRAM,7,0.326771653543307,0.122302158273381,0.224536905908344,0.214285714285714,0.333333333333333,0.333333333333333,0.666666666666667,150.875
large,balanced,40,RRAM,8,0.3125,0.307359307359307,0.309929653679654,0.1875,0.333333333333333,0.333333333333333,0.666666666666667,133.2
large,balanced,40,RRAM,9,0.346613545816733,0.148936170212766,0.24777485801475,0.363636363636364,0.366666666666667,0.366666666666667,0.633333333333333,140.454545454545
large,balanced,40,RRAM,10,0.330097087378641,0.243445692883895,0.286771390131268,0.228571428571429,0.35,0.35,0.65,135.238095238095
large,balanced,40,BDTR,1,0.694610778443114,0,0.347305389221557,0.285714285714286,0.65,0.65,0.35,171.269230769231
large,balanced,40,BDTR,2,0.611439842209073,0,0.305719921104536,0.148148148148148,0.591666666666667,0.591666666666667,0.408333333333333,166.422535211268
large,balanced,40,BDTR,3,0.634050880626223,0,0.317025440313112,0.0645161290322581,0.583333333333333,0.583333333333333,0.416666666666667,156.514285714286
large,balanced,40,BDTR,4,0.613152804642166,0,0.306576402321083,0.243243243243243,0.591666666666667,0.591666666666667,0.408333333333333,156.830985915493
large,balanced,40,BDTR,5,0.667330677290837,0,0.333665338645418,0.227272727272727,0.633333333333333,0.633333333333333,0.366666666666667,165.223684210526
large,balanced,40,BDTR,6,0.685258964143426,0,0.342629482071713,0,0.591666666666667,0.591666666666667,0.408333333333333,156.239436619718
large,balanced,40,BDTR,7,0.611553784860558,0,0.305776892430279,0.227272727272727,0.591666666666667,0.591666666666667,0.408333333333333,172.267605633803
large,balanced,40,BDTR,8,0.682539682539683,0,0.341269841269841,0.25,0.625,0.625,0.375,172.72
large,balanced,40,BDTR,9,0.681728880157171,0,0.340864440078585,0.103448275862069,0.625,0.625,0.375,168.36
large,balanced,40,BDTR,10,0.60233918128655,0.0112781954887218,0.306808688387636,0.0909090909090909,0.55,0.55,0.45,165.969696969697
large,balanced,40,SROM,1,0.730693069306931,0,0.365346534653465,0.28,0.65,0.65,0.35,170.487179487179
large,balanced,40,SROM,2,0.634050880626223,0,0.317025440313112,0,0.583333333333333,0.583333333333333,0.416666666666667,158.671428571429
large,balanced,40,SROM,3,0.681640625,0,0.3408203125,0.03125,0.616666666666667,0.616666666666667,0.383333333333333,166.22972972973
large,balanced,40,SROM,4,0.620689655172414,0,0.310344827586207,0.19047619047619,0.625,0.625,0.375,163.386666666667
large,balanced,40,SROM,5,0.69047619047619,0,0.345238095238095,0.166666666666667,0.641666666666667,0.641666666666667,0.358333333333333,166.337662337662
large,balanced,40,SROM,6,0.718253968253968,0,0.359126984126984,0,0.625,0.625,0.375,161.68
large,balanced,40,SROM,7,0.670611439842209,0,0.335305719921105,0.222222222222222,0.591666666666667,0.591666666666667,0.408333333333333,168.859154929577
large,balanced,40,SROM,8,0.696850393700787,0,0.348425196850394,0.142857142857143,0.616666666666667,0.616666666666667,0.383333333333333,164.148648648649
large,balanced,40,SROM,9,0.65692007797271,0.0739299610894941,0.365425019531102,0.0909090909090909,0.591666666666667,0.591666666666667,0.408333333333333,158.887323943662
large,balanced,40,SROM,10,0.614785992217899,0,0.307392996108949,0.0588235294117647,0.566666666666667,0.566666666666667,0.433333333333333,165.970588235294
large,balanced,40,Hungarian (Ours),1,0.648648648648649,1,0.824324324324324,1,0.641666666666667,0.641666666666667,0.358333333333333,128.935064935065
large,balanced,40,Hungarian (Ours),2,0.621621621621622,0.872950819672131,0.747286220646876,1,0.608333333333333,0.608333333333333,0.391666666666667,131.479452054795
large,balanced,40,Hungarian (Ours),3,0.656964656964657,1,0.828482328482329,1,0.641666666666667,0.641666666666667,0.358333333333333,135.350649350649
large,balanced,40,Hungarian (Ours),4,0.650727650727651,0.628691983122363,0.639709816925007,1,0.65,0.65,0.35,133.423076923077
large,balanced,40,Hungarian (Ours),5,0.667359667359667,0.704845814977973,0.68610274116882,1,0.658333333333333,0.658333333333333,0.341666666666667,134.670886075949
large,balanced,40,Hungarian (Ours),6,0.673596673596674,1,0.836798336798337,1,0.658333333333333,0.658333333333333,0.341666666666667,132.341772151899
large,balanced,40,Hungarian (Ours),7,0.611570247933884,0.720588235294118,0.666079241614001,1,0.608333333333333,0.608333333333333,0.391666666666667,141.945205479452
large,balanced,40,Hungarian (Ours),8,0.661122661122661,1,0.830561330561331,1,0.65,0.65,0.35,132.833333333333
large,balanced,40,Hungarian (Ours),9,0.656964656964657,1,0.828482328482329,1,0.658333333333333,0.658333333333333,0.341666666666667,139.063291139241
large,balanced,40,Hungarian (Ours),10,0.575883575883576,0.8671875,0.721535537941788,1,0.591666666666667,0.591666666666667,0.408333333333333,129.661971830986
large,directed,20,RRAM,1,0.315573770491803,0.332075471698113,0.323824621094958,0.25,0.325,0.325,0.675,129.410256410256
large,directed,20,RRAM,2,0.371663244353183,0.345549738219895,0.358606491286539,0.714285714285714,0.375,0.375,0.625,138.822222222222
large,directed,20,RRAM,3,0.382113821138211,0.0238095238095238,0.202961672473868,0.5,0.383333333333333,0.383333333333333,0.616666666666667,140.347826086957
large,directed,20,RRAM,4,0.402020202020202,0.261904761904762,0.331962481962482,0.466666666666667,0.4,0.4,0.6,141.083333333333
large,directed,20,RRAM,5,0.367886178861789,0.244979919678715,0.306433049270252,0.416666666666667,0.366666666666667,0.366666666666667,0.633333333333333,136.340909090909
large,directed,20,RRAM,6,0.325102880658436,0.200803212851406,0.262953046754921,0.333333333333333,0.333333333333333,0.333333333333333,0.666666666666667,131.25
large,directed,20,RRAM,7,0.304703476482618,0.466417910447761,0.385560693465189,0.111111111111111,0.316666666666667,0.316666666666667,0.683333333333333,128.868421052632
large,directed,20,RRAM,8,0.329938900203666,0.403703703703704,0.366821301953685,0.181818181818182,0.341666666666667,0.341666666666667,0.658333333333333,128.853658536585
large,directed,20,RRAM,9,0.373469387755102,0.258555133079848,0.316012260417475,0.5,0.375,0.375,0.625,135.4
large,directed,20,RRAM,10,0.385714285714286,0,0.192857142857143,0.7,0.383333333333333,0.383333333333333,0.616666666666667,142.478260869565
large,directed,20,BDTR,1,0.692929292929293,0,0.346464646464646,0.0666666666666667,0.65,0.65,0.35,165.333333333333
large,directed,20,BDTR,2,0.708757637474542,0,0.354378818737271,0,0.633333333333333,0.633333333333333,0.366666666666667,166.25
large,directed,20,BDTR,3,0.747454175152749,0.200956937799043,0.474205556475896,0.0909090909090909,0.666666666666667,0.666666666666667,0.333333333333333,172.075
large,directed,20,BDTR,4,0.732251521298174,0.016260162601626,0.3742558419499,0.230769230769231,0.658333333333333,0.658333333333333,0.341666666666667,170.329113924051
large,directed,20,BDTR,5,0.696787148594378,0.0645161290322581,0.380651638813318,0.0555555555555556,0.616666666666667,0.616666666666667,0.383333333333333,163.72972972973
large,directed,20,BDTR,6,0.71047227926078,0,0.35523613963039,0,0.633333333333333,0.633333333333333,0.366666666666667,162.25
large,directed,20,BDTR,7,0.707910750507099,0.0169491525423728,0.362429951524736,0.0769230769230769,0.658333333333333,0.658333333333333,0.341666666666667,165.924050632911
large,directed,20,BDTR,8,0.73630831643002,0.160642570281124,0.448475443355572,0.0769230769230769,0.666666666666667,0.666666666666667,0.333333333333333,168.0375
large,directed,20,BDTR,9,0.725252525252525,0,0.362626262626263,0.0666666666666667,0.666666666666667,0.666666666666667,0.333333333333333,170.3875
large,directed,20,BDTR,10,0.764826175869121,0,0.38241308793456,0.222222222222222,0.691666666666667,0.691666666666667,0.308333333333333,176.421686746988
large,directed,20,SROM,1,0.746963562753036,0,0.373481781376518,0.0714285714285714,0.666666666666667,0.666666666666667,0.333333333333333,166.1625
large,directed,20,SROM,2,0.745417515274949,0,0.372708757637475,0,0.65,0.65,0.35,165.102564102564
large,directed,20,SROM,3,0.755600814663951,0.200956937799043,0.478278876231497,0.0909090909090909,0.675,0.675,0.325,170.530864197531
large,directed,20,SROM,4,0.758620689655172,0,0.379310344827586,0.153846153846154,0.691666666666667,0.691666666666667,0.308333333333333,173.855421686747
large,directed,20,SROM,5,0.710843373493976,0,0.355421686746988,0,0.641666666666667,0.641666666666667,0.358333333333333,164.688311688312
large,directed,20,SROM,6,0.752556237218814,0,0.376278118609407,0,0.65,0.65,0.35,163.602564102564
large,directed,20,SROM,7,0.744421906693712,0.0682730923694779,0.406347499531595,0.0769230769230769,0.658333333333333,0.658333333333333,0.341666666666667,166.303797468354
large,directed,20,SROM,8,0.738866396761134,0.036144578313253,0.387505487537193,0.0714285714285714,0.658333333333333,0.658333333333333,0.341666666666667,167.379746835443
large,directed,20,SROM,9,0.733870967741935,0,0.366935483870968,0.125,0.666666666666667,0.666666666666667,0.333333333333333,169.775
large,directed,20,SROM,10,0.775510204081633,0,0.387755102040816,0.2,0.683333333333333,0.683333333333333,0.316666666666667,172.451219512195
large,directed,20,Hungarian (Ours),1,0.650727650727651,0.675438596491228,0.663083123609439,1,0.641666666666667,0.641666666666667,0.358333333333333,131.246753246753
large,directed,20,Hungarian (Ours),2,0.669438669438669,1,0.834719334719335,1,0.666666666666667,0.666666666666667,0.333333333333333,134.5625
large,directed,20,Hungarian (Ours),3,0.661122661122661,1,0.830561330561331,1,0.658333333333333,0.658333333333333,0.341666666666667,133.506329113924
large,directed,20,Hungarian (Ours),4,0.661122661122661,1,0.830561330561331,1,0.658333333333333,0.658333333333333,0.341666666666667,133.835443037975
large,directed,20,Hungarian (Ours),5,0.652806652806653,1,0.826403326403326,1,0.65,0.65,0.35,132.679487179487
large,directed,20,Hungarian (Ours),6,0.648648648648649,1,0.824324324324324,1,0.641666666666667,0.641666666666667,0.358333333333333,132.532467532468
large,directed,20,Hungarian (Ours),7,0.644490644490645,1,0.822245322245322,1,0.641666666666667,0.641666666666667,0.358333333333333,131.350649350649
large,directed,20,Hungarian (Ours),8,0.661122661122661,1,0.830561330561331,1,0.658333333333333,0.658333333333333,0.341666666666667,134.227848101266
large,directed,20,Hungarian (Ours),9,0.661122661122661,1,0.830561330561331,1,0.658333333333333,0.658333333333333,0.341666666666667,134.303797468354
large,directed,20,Hungarian (Ours),10,0.661122661122661,1,0.830561330561331,1,0.658333333333333,0.658333333333333,0.341666666666667,132.556962025316
large,directed,30,RRAM,1,0.31237322515213,0.438405797101449,0.37538951112679,0.153846153846154,0.316666666666667,0.316666666666667,0.683333333333333,126.789473684211
large,directed,30,RRAM,2,0.288032454361055,0,0.144016227180527,0,0.3,0.3,0.7,121.444444444444
large,directed,30,RRAM,3,0.241448692152918,0,0.120724346076459,0,0.258333333333333,0.258333333333333,0.741666666666667,117.161290322581
large,directed,30,RRAM,4,0.307535641547862,0.439688715953307,0.373612178750584,0.0909090909090909,0.316666666666667,0.316666666666667,0.683333333333333,120.5
large,directed,30,RRAM,5,0.299180327868852,0,0.149590163934426,0,0.308333333333333,0.308333333333333,0.691666666666667,120.486486486486
large,directed,30,RRAM,6,0.30784708249497,0.193548387096774,0.250697734795872,0.176470588235294,0.316666666666667,0.316666666666667,0.683333333333333,130.631578947368
large,directed,30,RRAM,7,0.387096774193548,0,0.193548387096774,0.375,0.383333333333333,0.383333333333333,0.616666666666667,140.869565217391
large,directed,30,RRAM,8,0.317907444668008,0.167272727272727,0.242590085970368,0.235294117647059,0.325,0.325,0.675,132.871794871795
large,directed,30,RRAM,9,0.375,0,0.1875,0.375,0.375,0.375,0.625,140.222222222222
large,directed,30,RRAM,10,0.336048879837067,0.439688715953307,0.387868797895187,0.272727272727273,0.341666666666667,0.341666666666667,0.658333333333333,126.341463414634
large,directed,30,BDTR,1,0.662650602409639,0,0.331325301204819,0.111111111111111,0.633333333333333,0.633333333333333,0.366666666666667,161.381578947368
large,directed,30,BDTR,2,0.673267326732673,0,0.336633663366337,0.08,0.633333333333333,0.633333333333333,0.366666666666667,164.381578947368
large,directed,30,BDTR,3,0.656,0,0.328,0,0.625,0.625,0.375,163.04
large,directed,30,BDTR,4,0.637450199203187,0,0.318725099601594,0,0.6,0.6,0.4,157.805555555556
large,directed,30,BDTR,5,0.710261569416499,0,0.355130784708249,0.0588235294117647,0.641666666666667,0.641666666666667,0.358333333333333,165.597402597403
large,directed,30,BDTR,6,0.679920477137177,0,0.339960238568588,0.0869565217391304,0.658333333333333,0.658333333333333,0.341666666666667,162.949367088608
large,directed,30,BDTR,7,0.665330661322645,0,0.332665330661323,0,0.616666666666667,0.616666666666667,0.383333333333333,160.256756756757
large,directed,30,BDTR,8,0.662650602409639,0,0.331325301204819,0,0.65,0.65,0.35,163.410256410256
large,directed,30,BDTR,9,0.661971830985915,0,0.330985915492958,0.0588235294117647,0.633333333333333,0.633333333333333,0.366666666666667,164.421052631579
large,directed,30,BDTR,10,0.703406813627255,0,0.351703406813627,0.157894736842105,0.658333333333333,0.658333333333333,0.341666666666667,170.784810126582
large,directed,30,SROM,1,0.698795180722892,0,0.349397590361446,0,0.633333333333333,0.633333333333333,0.366666666666667,162.171052631579
large,directed,30,SROM,2,0.657425742574257,0,0.328712871287129,0,0.616666666666667,0.616666666666667,0.383333333333333,157.486486486486
large,directed,30,SROM,3,0.666666666666667,0,0.333333333333333,0,0.608333333333333,0.608333333333333,0.391666666666667,159.794520547945
large,directed,30,SROM,4,0.681274900398406,0,0.340637450199203,0,0.633333333333333,0.633333333333333,0.366666666666667,159.381578947368
large,directed,30,SROM,5,0.709677419354839,0,0.354838709677419,0,0.641666666666667,0.641666666666667,0.358333333333333,161.519480519481
large,directed,30,SROM,6,0.69047619047619,0,0.345238095238095,0.0833333333333333,0.65,0.65,0.35,164.820512820513
large,directed,30,SROM,7,0.69939879759519,0,0.349699398797595,0.0526315789473684,0.641666666666667,0.641666666666667,0.358333333333333,165.922077922078
large,directed,30,SROM,8,0.716867469879518,0,0.358433734939759,0.0555555555555556,0.658333333333333,0.658333333333333,0.341666666666667,168.240506329114
large,directed,30,SROM,9,0.716867469879518,0.064935064935065,0.390901267407292,0.0555555555555556,0.658333333333333,0.658333333333333,0.341666666666667,166.379746835443
large,directed,30,SROM,10,0.696,0,0.348,0,0.641666666666667,0.641666666666667,0.358333333333333,160.324675324675
large,directed,30,Hungarian (Ours),1,0.627858627858628,1,0.813929313929314,1,0.625,0.625,0.375,129.186666666667
large,directed,30,Hungarian (Ours),2,0.627858627858628,1,0.813929313929314,1,0.625,0.625,0.375,126.426666666667
large,directed,30,Hungarian (Ours),3,0.594202898550725,0.353488372093023,0.473845635321874,1,0.583333333333333,0.583333333333333,0.416666666666667,124.357142857143
large,directed,30,Hungarian (Ours),4,0.62993762993763,0.478260869565217,0.554099249751424,1,0.625,0.625,0.375,128.973333333333
large,directed,30,Hungarian (Ours),5,0.638253638253638,0.896396396396396,0.767325017325017,1,0.633333333333333,0.633333333333333,0.366666666666667,127.842105263158
large,directed,30,Hungarian (Ours),6,0.639004149377593,0.902621722846442,0.770812936112018,1,0.633333333333333,0.633333333333333,0.366666666666667,129.723684210526
large,directed,30,Hungarian (Ours),7,0.661122661122661,1,0.830561330561331,1,0.658333333333333,0.658333333333333,0.341666666666667,133.746835443038
large,directed,30,Hungarian (Ours),8,0.644490644490645,1,0.822245322245322,1,0.641666666666667,0.641666666666667,0.358333333333333,130.961038961039
large,directed,30,Hungarian (Ours),9,0.627858627858628,1,0.813929313929314,1,0.625,0.625,0.375,129.92
large,directed,30,Hungarian (Ours),10,0.61954261954262,1,0.80977130977131,1,0.616666666666667,0.616666666666667,0.383333333333333,126.054054054054
large,directed,40,RRAM,1,0.239520958083832,0,0.119760479041916,0,0.25,0.25,0.75,112.866666666667
large,directed,40,RRAM,2,0.257425742574257,0,0.128712871287129,0,0.266666666666667,0.266666666666667,0.733333333333333,119
large,directed,40,RRAM,3,0.236,0,0.118,0,0.25,0.25,0.75,109.466666666667
large,directed,40,RRAM,4,0.253012048192771,0,0.126506024096386,0,0.266666666666667,0.266666666666667,0.733333333333333,112.9375
large,directed,40,RRAM,5,0.308316430020284,0.446886446886447,0.377601438453365,0.153846153846154,0.316666666666667,0.316666666666667,0.683333333333333,125.526315789474
large,directed,40,RRAM,6,0.292,0,0.146,0,0.3,0.3,0.7,116.083333333333
large,directed,40,RRAM,7,0.283433133732535,0.425531914893617,0.354482524313076,0.0952380952380952,0.291666666666667,0.291666666666667,0.708333333333333,126.514285714286
large,directed,40,RRAM,8,0.295275590551181,0.113138686131387,0.204207138341284,0.142857142857143,0.316666666666667,0.316666666666667,0.683333333333333,128.447368421053
large,directed,40,RRAM,9,0.269685039370079,0.103734439834025,0.186709739602052,0.0357142857142857,0.283333333333333,0.283333333333333,0.716666666666667,113.970588235294
large,directed,40,RRAM,10,0.277013752455796,0.0879120879120879,0.182462920183942,0.0344827586206897,0.291666666666667,0.291666666666667,0.708333333333333,118.971428571429
large,directed,40,BDTR,1,0.646825396825397,0,0.323412698412698,0.0833333333333333,0.633333333333333,0.633333333333333,0.366666666666667,161.684210526316
large,directed,40,BDTR,2,0.602766798418972,0.0217391304347826,0.312252964426877,0.0384615384615385,0.591666666666667,0.591666666666667,0.408333333333333,154.014084507042
large,directed,40,BDTR,3,0.597249508840864,0.121621621621622,0.359435565231243,0.0689655172413793,0.583333333333333,0.583333333333333,0.416666666666667,159.114285714286
large,directed,40,BDTR,4,0.596078431372549,0.00934579439252337,0.302712112882536,0.0666666666666667,0.575,0.575,0.425,153.463768115942
large,directed,40,BDTR,5,0.638888888888889,0,0.319444444444444,0,0.575,0.575,0.425,157.840579710145
large,directed,40,BDTR,6,0.59375,0,0.296875,0.125,0.583333333333333,0.583333333333333,0.416666666666667,155.614285714286
large,directed,40,BDTR,7,0.604373757455268,0,0.302186878727634,0,0.575,0.575,0.425,156.985507246377
large,directed,40,BDTR,8,0.622266401590457,0,0.311133200795229,0.0434782608695652,0.6,0.6,0.4,153.277777777778
large,directed,40,BDTR,9,0.634387351778656,0.131067961165049,0.382727656471852,0.0384615384615385,0.6,0.6,0.4,156.375
large,directed,40,BDTR,10,0.571146245059289,0.0372093023255814,0.304177773692435,0.0384615384615385,0.566666666666667,0.566666666666667,0.433333333333333,146.779411764706
large,directed,40,SROM,1,0.639763779527559,0.192913385826772,0.416338582677165,0.0357142857142857,0.6,0.6,0.4,156.569444444444
large,directed,40,SROM,2,0.656126482213439,0,0.328063241106719,0,0.608333333333333,0.608333333333333,0.391666666666667,158.452054794521
large,directed,40,SROM,3,0.626223091976517,0,0.313111545988258,0,0.591666666666667,0.591666666666667,0.408333333333333,156.267605633803
large,directed,40,SROM,4,0.629411764705882,0.173553719008264,0.401482741857073,0.0333333333333333,0.591666666666667,0.591666666666667,0.408333333333333,153.492957746479
large,directed,40,SROM,5,0.646825396825397,0,0.323412698412698,0,0.583333333333333,0.583333333333333,0.416666666666667,157.885714285714
large,directed,40,SROM,6,0.639921722113503,0,0.319960861056751,0.0967741935483871,0.6,0.6,0.4,157.638888888889
large,directed,40,SROM,7,0.63905325443787,0,0.319526627218935,0,0.583333333333333,0.583333333333333,0.416666666666667,158.171428571429
large,directed,40,SROM,8,0.654150197628458,0.0118577075098815,0.33300395256917,0.0384615384615385,0.6,0.6,0.4,154.430555555556
large,directed,40,SROM,9,0.658102766798419,0.0272727272727272,0.342687747035573,0.0384615384615385,0.616666666666667,0.616666666666667,0.383333333333333,157.797297297297
large,directed,40,SROM,10,0.650197628458498,0.0833333333333334,0.366765480895916,0.0384615384615385,0.6,0.6,0.4,157.138888888889
large,directed,40,Hungarian (Ours),1,0.598343685300207,0.752525252525252,0.67543446891273,1,0.583333333333333,0.583333333333333,0.416666666666667,122.357142857143
large,directed,40,Hungarian (Ours),2,0.607068607068607,1,0.803534303534304,1,0.6,0.6,0.4,124.125
large,directed,40,Hungarian (Ours),3,0.580912863070539,0.731958762886598,0.656435812978569,1,0.575,0.575,0.425,123.159420289855
large,directed,40,Hungarian (Ours),4,0.592515592515592,0.537383177570093,0.564949385042843,1,0.583333333333333,0.583333333333333,0.416666666666667,118.557142857143
large,directed,40,Hungarian (Ours),5,0.594594594594595,1,0.797297297297297,1,0.591666666666667,0.591666666666667,0.408333333333333,125.985915492958
large,directed,40,Hungarian (Ours),6,0.594594594594595,1,0.797297297297297,1,0.591666666666667,0.591666666666667,0.408333333333333,120.535211267606
large,directed,40,Hungarian (Ours),7,0.614107883817427,0.616236162361624,0.615172023089525,1,0.6,0.6,0.4,131.180555555556
large,directed,40,Hungarian (Ours),8,0.596673596673597,0.389344262295082,0.493008929484339,1,0.591666666666667,0.591666666666667,0.408333333333333,122.394366197183
large,directed,40,Hungarian (Ours),9,0.586278586278586,1,0.793139293139293,1,0.583333333333333,0.583333333333333,0.416666666666667,119.685714285714
large,directed,40,Hungarian (Ours),10,0.617463617463617,0.609053497942387,0.613258557703002,1,0.608333333333333,0.608333333333333,0.391666666666667,123.945205479452
